,labels,age_first_funding_year,age_last_funding_year,age_first_milestone_year,age_last_milestone_year,relationships,funding_rounds,funding_total_usd,milestones,is_CA,is_NY,is_MA,is_TX,is_otherstate,is_software,is_web,is_mobile,is_enterprise,is_advertising,is_gamesvideo,is_ecommerce,is_biotech,is_consulting,is_othercategory,has_VC,has_angel,has_roundA,has_roundB,has_roundC,has_roundD,avg_participants,is_top500,reached_milestone,founded_first_funding__days_difference,first_last_funding_days_difference
0,1,2.2493,3.0027,4.6685,6.7041,3,3,375000,3,1,0,0,0,0,0,0,0,0,0,0,0,0,0,1,0,1,0,0,0,0,1.0,0,1,821,275
1,1,5.126,9.9973,7.0055,7.0055,9,4,40100000,1,1,0,0,0,0,0,0,0,1,0,0,0,0,0,0,1,0,0,1,1,1,4.75,1,1,1871,1778
2,1,1.0329,1.0329,1.4575,2.2055,5,1,2600000,2,1,0,0,0,0,0,1,0,0,0,0,0,0,0,0,0,0,1,0,0,0,4.0,1,1,377,0
3,1,3.1315,5.3151,6.0027,6.0027,5,3,40000000,1,1,0,0,0,0,1,0,0,0,0,0,0,0,0,0,0,0,0,1,1,1,3.3333,1,1,1143,797
4,0,0.0,1.6685,0.0384,0.0384,2,2,1300000,1,1,0,0,0,0,0,0,0,0,0,1,0,0,0,0,1,1,0,0,0,0,1.0,1,1,0,609
5,0,4.5452,4.5452,5.0027,5.0027,3,1,7500000,1,1,0,0,0,0,0,0,0,0,0,0,0,0,0,1,0,0,0,1,0,0,3.0,1,1,1659,0
6,1,1.7205,5.211,3.0,6.6082,6,3,26000000,2,1,0,0,0,0,1,0,0,0,0,0,0,0,0,0,1,0,1,1,0,0,1.6667,1,1,628,1274
7,1,1.6466,6.7616,5.6055,7.3616,25,3,34100000,3,1,0,0,0,0,0,0,0,0,0,0,0,0,0,1,0,0,1,1,0,1,3.5,1,1,601,1867
8,1,3.5863,11.1123,8.0055,9.9945,13,3,9650000,4,0,0,1,0,0,0,0,1,0,0,0,0,0,0,0,1,0,1,0,0,1,4.0,1,1,1309,2747
9,1,1.6712,4.6849,2.9178,6.1151,14,3,5750000,4,1,0,0,0,0,0,1,0,0,0,0,0,0,0,0,1,1,1,0,0,0,1.0,1,1,610,1100
10,1,4.6274,9.4493,10.1342,10.6493,22,3,27500000,3,1,0,0,0,0,0,0,1,0,0,0,0,0,0,0,0,0,1,1,0,0,1.0,1,1,1689,1760
11,0,1.0849,5.3370000000000015,-0.6164,4.6082,8,5,10400000,2,1,0,0,0,0,0,1,0,0,0,0,0,0,0,0,1,1,1,0,0,0,1.75,1,1,396,1552
12,0,4.9041,4.9041,,,0,1,350000,0,0,0,0,0,1,0,1,0,0,0,0,0,0,0,0,1,0,0,0,0,0,1.0,0,0,1790,0
13,1,0.0192,2.4356,0.7945,4.3781,15,3,9950000,3,0,1,0,0,0,0,0,0,0,0,0,0,0,0,1,0,0,1,1,1,0,2.3333,1,1,7,882
14,1,4.6658,8.9973,8.8384,8.8384,12,5,10700000,1,0,0,0,0,1,1,0,0,0,0,0,0,0,0,0,0,0,1,1,0,0,2.5,1,1,1703,1581
15,0,6.6082,6.6082,,,0,1,200000,0,0,0,0,0,1,0,0,0,0,0,0,0,0,0,1,1,0,0,0,0,0,1.0,0,0,2412,0
16,0,2.5863,6.7644,5.5014,5.5014,8,5,49000000,1,1,0,0,0,0,0,0,0,0,0,0,0,0,0,1,1,0,1,1,1,1,3.5,1,1,944,1525
17,1,4.5918,7.1726,-0.4986,12.6795,7,4,25000000,3,1,0,0,0,0,0,0,0,0,0,1,0,0,0,0,0,0,1,1,1,1,3.5,1,1,1676,942
18,1,0.7425,1.5808,1.2849,3.0027,10,3,4575000,3,0,1,0,0,0,0,1,0,0,0,0,0,0,0,0,0,1,1,0,0,0,5.0,1,1,271,306
19,0,2.5014,2.8301,3.0877,3.4932,13,2,28000000,3,1,0,0,0,0,0,0,0,1,0,0,0,0,0,0,0,0,1,1,0,0,1.0,1,1,913,120
20,1,2.2137,3.7863,4.0877,9.4986,8,2,4355000,3,0,0,0,1,0,1,0,0,0,0,0,0,0,0,0,0,1,1,0,0,0,1.5,0,1,808,574
21,0,3.8329,3.8329,3.7507,3.7507,3,1,15000000,1,0,0,0,0,1,0,0,0,0,0,0,0,0,0,1,0,0,0,1,0,0,2.0,1,1,1399,0
22,0,5.4904,5.4904,0.0,0.0,1,1,3170000,1,1,0,0,0,0,0,1,0,0,0,0,0,0,0,0,0,0,1,0,0,0,2.0,0,1,2004,0
23,0,-1.0,3.3151,3.6959,5.662999999999999,4,2,2300000,3,1,0,0,0,0,0,0,1,0,0,0,0,0,0,0,0,1,1,0,0,0,2.0,0,1,-365,1575
24,0,0.2521,0.337,,,5,2,455000,0,0,0,0,0,1,0,0,0,0,0,0,0,0,0,1,0,1,1,0,0,0,4.5,1,0,92,31
25,1,4.8411,4.8411,1.0,1.0,3,1,13000000,1,0,0,0,0,1,1,0,0,0,0,0,0,0,0,0,0,0,0,0,1,0,4.0,1,1,1767,0
26,1,4.0603,4.0603,3.0027,3.0027,7,1,15000000,1,1,0,0,0,0,0,0,0,0,0,0,0,0,0,1,0,0,0,0,1,0,4.0,1,1,1482,0
27,1,4.0685,4.0685,3.4192,5.2301,2,1,3800000,3,1,0,0,0,0,0,0,0,0,0,0,0,0,0,1,0,0,0,1,0,0,2.0,1,1,1485,0
28,1,2.5068,4.5315,4.9315,5.6767,37,5,299500000,2,0,0,0,1,0,0,1,0,0,0,0,0,0,0,0,1,0,1,0,1,0,1.75,1,1,915,739
29,1,1.189,1.189,2.189,7.7753,5,1,1000000,3,1,0,0,0,0,0,0,0,0,0,0,0,0,0,1,1,0,0,0,0,0,2.0,1,1,434,0
30,0,1.3534,2.1644,4.5178,4.5178,3,2,10500000,1,1,0,0,0,0,0,0,0,0,0,0,0,0,0,1,0,0,1,1,0,0,2.0,1,1,494,296
31,1,4.1534,5.1671,3.0,3.0,6,2,8600000,1,0,0,0,0,1,0,0,0,0,0,0,0,0,0,1,1,0,0,1,0,0,1.5,1,1,1516,370
32,0,-0.1671,2.0192,,,9,2,5000000,0,0,0,0,0,1,1,0,0,0,0,0,0,0,0,0,0,0,1,1,0,0,2.5,1,0,-61,798
33,1,0.0,0.8685,0.4137,2.1671,3,2,2304999,2,1,0,0,0,0,0,0,1,0,0,0,0,0,0,0,1,0,0,0,0,0,5.0,1,1,0,317
34,0,0.0822,0.0822,,,2,1,25000,0,0,0,0,0,1,0,0,0,0,0,0,0,0,0,1,0,1,0,0,0,0,1.0,0,0,30,0
35,0,2.6575,2.6575,0.0,0.0,1,1,4000000,1,0,1,0,0,0,1,0,0,0,0,0,0,0,0,0,0,0,0,1,0,0,1.0,1,1,970,0
36,0,0.6192,1.5945,1.0,4.3315,8,2,14600000,3,1,0,0,0,0,1,0,0,0,0,0,0,0,0,0,0,0,1,1,0,0,2.0,1,1,226,356
37,0,1.063,5.7014,,,0,3,44000000,0,1,0,0,0,0,0,0,0,0,0,0,0,0,0,1,0,0,0,1,1,0,4.5,1,0,388,1693
38,1,0.1671,2.6493,0.6082,4.7507,10,3,1822922,3,1,0,0,0,0,0,0,0,0,0,0,1,0,0,0,0,1,1,0,0,0,2.3333,1,1,61,906
39,1,0.0,5.9041,3.8411,7.1370000000000005,18,7,29915001,5,0,1,0,0,0,0,0,0,0,1,0,0,0,0,0,1,1,1,1,1,0,2.75,1,1,0,2155
40,1,0.0,4.8027,3.7205,7.6164,26,4,33000000,5,0,0,0,0,1,0,0,0,1,0,0,0,0,0,0,0,0,1,1,1,0,3.0,1,1,0,1753
41,1,0.0,0.5836,0.5836,0.5945,9,2,125000,2,0,0,0,0,1,0,0,1,0,0,0,0,0,0,0,0,1,0,0,0,0,1.0,0,1,0,213
42,0,0.1041,2.3863,2.3315,2.7918,7,2,4000000,2,1,0,0,0,0,0,0,0,0,0,0,0,0,0,1,1,0,1,0,0,0,1.0,1,1,38,833
43,1,3.4904,3.4904,5.6603,8.3425,10,1,10000000,3,0,0,0,0,1,0,0,0,1,0,0,0,0,0,0,0,0,0,0,1,0,2.0,1,1,1274,0
44,1,4.6658,4.6658,8.7425,10.2247,25,1,6000000,4,1,0,0,0,0,0,0,0,0,1,0,0,0,0,0,0,0,0,0,1,0,3.0,1,1,1703,0
45,1,2.6247,2.6247,,,4,1,25000000,0,1,0,0,0,0,1,0,0,0,0,0,0,0,0,0,0,0,0,1,0,0,5.0,1,0,958,0
46,1,0.926,2.9534,0.8329,2.7425,2,3,3750000,3,0,1,0,0,0,0,0,0,0,0,0,0,0,0,1,0,1,1,0,0,0,2.0,1,1,338,740
47,1,0.2466,0.2466,1.1178,1.663,9,1,3000000,2,0,0,1,0,0,1,0,0,0,0,0,0,0,0,0,0,0,1,0,0,0,1.0,1,1,90,0
48,1,0.189,1.189,1.3562,1.6575,6,2,1155000,2,1,0,0,0,0,1,0,0,0,0,0,0,0,0,0,0,1,0,0,0,0,9.5,1,1,69,365
49,1,3.2082,3.2082,5.2548,7.8822,11,1,10000000,2,1,0,0,0,0,1,0,0,0,0,0,0,0,0,0,0,0,0,0,0,1,2.0,1,1,1171,0
50,1,2.5836,2.5836,2.0,2.0,5,1,3000000,1,1,0,0,0,0,0,1,0,0,0,0,0,0,0,0,0,0,1,0,0,0,1.0,1,1,943,0
51,1,1.8932,2.4466,2.0,3.2767,4,2,11500000,3,0,0,1,0,0,0,0,1,0,0,0,0,0,0,0,0,0,0,0,0,0,1.0,1,1,691,202
52,1,0.7479,0.7479,4.0493,8.3233,12,1,5000000,5,0,0,0,1,0,0,1,0,0,0,0,0,0,0,0,0,0,1,0,0,0,3.0,1,1,273,0
53,1,5.1863,6.8137,7.3342,7.3342,9,2,29000000,1,0,0,1,0,0,0,0,0,0,0,0,0,0,0,1,1,0,0,0,0,1,5.0,1,1,1893,594
54,1,0.6712,6.2329,4.0493,7.5973,37,6,34700000,4,1,0,0,0,0,0,0,0,1,0,0,0,0,0,0,1,1,1,1,1,1,5.0,1,1,245,2030
55,0,1.1863,3.4986,,,0,2,12050000,0,1,0,0,0,0,1,0,0,0,0,0,0,0,0,0,1,0,1,0,0,0,2.0,1,0,433,844
56,1,2.1644,4.7616,4.0027,6.7534,13,3,12000000,2,1,0,0,0,0,0,0,0,0,0,0,0,0,0,1,1,0,1,1,0,0,2.0,1,1,790,948
57,1,4.1041,4.1041,1.9151,1.9151,18,1,5500000,1,1,0,0,0,0,0,0,0,0,0,0,0,0,1,0,0,0,0,0,1,0,2.0,1,1,1498,0
58,1,1.989,4.1534,2.8986,5.2575,10,3,24000000,4,1,0,0,0,0,1,0,0,0,0,0,0,0,0,0,0,0,1,1,0,0,3.3333,1,1,726,790
59,1,5.2027,6.189,7.5068,12.8932,6,2,10000000,2,0,0,0,0,1,0,0,1,0,0,0,0,0,0,0,0,0,1,1,0,0,4.5,1,1,1899,360
60,0,2.7836,10.9507,-1.9151,-1.9151,10,3,19009671,1,0,0,1,0,0,0,0,0,0,0,0,0,1,0,0,0,0,0,1,0,0,2.0,1,1,1016,2981
61,0,3.4986,3.4986,3.0,3.0,6,1,5000000,1,1,0,0,0,0,0,0,0,0,0,0,0,0,0,1,0,0,1,0,0,0,1.0,1,1,1277,0
62,1,4.0466,9.3041,6.0027,6.0027,2,5,18914576,1,0,0,0,0,1,0,0,0,1,0,0,0,0,0,0,1,0,0,0,1,0,3.0,1,1,1477,1919
63,0,6.3726,6.3726,,,0,1,4000000,0,0,0,0,0,1,1,0,0,0,0,0,0,0,0,0,1,0,0,0,0,0,3.0,0,0,2326,0
64,1,1.3259999999999998,2.7836,1.6740000000000002,3.1342,5,3,2030882,2,0,0,1,0,0,1,0,0,0,0,0,0,0,0,0,0,0,1,0,0,0,3.0,1,1,484,532
65,1,2.6438,2.6438,0.0,7.3918,4,1,5000000,2,1,0,0,0,0,0,0,0,0,0,0,0,0,0,1,0,0,0,1,0,0,1.0,1,1,965,0
66,0,1.0877,1.0877,,,5,1,20500000,0,0,0,0,0,1,1,0,0,0,0,0,0,0,0,0,1,0,0,0,0,0,4.0,1,0,397,0
67,1,3.9616,6.5205,4.5781,7.6877,4,2,13250000,4,0,0,0,0,1,0,0,0,0,1,0,0,0,0,0,1,0,0,0,0,0,2.0,0,1,1446,934
68,1,7.2548,7.2548,7.0055,7.0055,7,1,12000000,1,1,0,0,0,0,0,0,0,0,0,0,0,0,0,1,0,0,0,0,0,0,2.0,1,1,2648,0
69,1,1.3342,3.0247,3.0219,3.337,9,3,11489687,2,1,0,0,0,0,0,0,0,0,1,0,0,0,0,0,0,1,1,1,0,0,3.3333,1,1,487,617
70,1,0.6795,0.6795,2.9178,4.2274,15,1,4000000,3,1,0,0,0,0,0,1,0,0,0,0,0,0,0,0,0,0,1,0,0,0,3.0,1,1,248,0
71,1,-0.0301,-0.0301,0.1369999999999999,0.1369999999999999,3,1,355000,1,1,0,0,0,0,1,0,0,0,0,0,0,0,0,0,0,1,0,0,0,0,1.0,0,1,-11,0
72,1,0.0,0.2466,2.4164,5.3151,10,2,118000,3,0,0,0,0,1,0,1,0,0,0,0,0,0,0,0,0,1,0,0,0,0,1.5,1,1,0,90
73,1,1.6685,9.337,7.3808,10.474,17,4,40400000,3,1,0,0,0,0,0,0,0,0,1,0,0,0,0,0,0,0,1,1,1,1,1.6667,1,1,609,2799
74,0,1.8055,1.8055,,,1,1,3000000,0,0,0,0,1,0,1,0,0,0,0,0,0,0,0,0,0,0,1,0,0,0,1.0,1,0,659,0
75,0,2.6986,4.0027,1.0,1.0,2,2,19700000,1,1,0,0,0,0,1,0,0,0,0,0,0,0,0,0,1,0,0,1,0,0,4.0,1,1,985,476
76,0,9.1671,9.1973,,,0,2,17800000,0,1,0,0,0,0,1,0,0,0,0,0,0,0,0,0,1,0,0,0,0,0,1.0,1,0,3346,11
77,1,0.011,2.0986,3.0904,3.7836,12,3,57500000,3,1,0,0,0,0,0,0,0,0,0,0,0,0,0,1,0,1,1,1,0,0,4.0,1,1,4,762
78,1,0.6658,3.0384,2.0,5.0548,10,3,17200000,5,0,1,0,0,0,0,0,0,0,0,1,0,0,0,0,0,0,1,1,1,0,2.6667,1,1,243,866
79,0,-0.5836,1.3425,0.0,1.5479,4,7,457282,2,0,0,1,0,0,0,0,1,0,0,0,0,0,0,0,1,1,0,0,0,0,1.0,1,1,-213,703
80,1,-0.0219,2.0329,2.3151,3.1644,11,4,18500000,3,1,0,0,0,0,0,0,1,0,0,0,0,0,0,0,0,1,1,1,0,0,2.25,1,1,-8,750
81,0,2.0466,2.0466,,,2,1,12000000,0,0,0,0,0,1,0,0,0,0,0,0,0,0,0,1,0,0,1,0,0,0,6.0,1,0,747,0
82,0,3.5123,3.9562,3.9534,4.8356,5,2,510000000,3,0,0,0,0,1,0,0,0,0,0,0,0,0,0,1,1,0,0,0,0,0,2.5,1,1,1282,162
83,1,3.9342,4.6822,4.0027,4.0027,3,2,18250000,1,1,0,0,0,0,0,0,0,0,0,0,0,0,0,1,0,0,1,1,0,0,2.5,1,1,1436,273
84,1,2.1616,5.6384,3.8329,7.6932,13,4,41500019,5,0,1,0,0,0,0,0,0,0,0,0,0,0,0,1,0,0,0,0,1,0,4.0,1,1,789,1269
85,0,5.4411,5.4411,,,1,1,1000000,0,0,0,0,0,1,1,0,0,0,0,0,0,0,0,0,0,0,1,0,0,0,3.0,0,0,1986,0
86,1,1.1288,1.1288,1.0,2.6767,7,1,5000000,2,1,0,0,0,0,0,1,0,0,0,0,0,0,0,0,0,0,1,0,0,0,1.0,1,1,412,0
87,0,7.8877,10.6658,0.4137,0.4137,2,3,42700000,1,0,0,0,0,1,0,0,0,0,0,0,0,0,0,1,1,0,0,1,0,0,3.6667,1,1,2879,1014
88,0,0.8822,0.8822,,,7,1,12000000,0,1,0,0,0,0,0,0,0,0,0,0,1,0,0,0,1,0,0,0,0,0,9.0,1,0,322,0
89,1,2.526,3.1041,3.0027,9.126,5,2,22300000,2,0,0,0,0,1,1,0,0,0,0,0,0,0,0,0,0,0,0,1,1,0,4.5,1,1,922,211
90,1,4.0027,7.8712,0.1616,0.1616,5,2,10000000,1,1,0,0,0,0,0,0,0,0,0,0,0,0,0,1,1,0,0,1,0,0,4.0,1,1,1461,1412
91,0,1.1671,4.6658,,,1,3,15564591,0,0,0,0,0,1,0,0,0,0,1,0,0,0,0,0,1,0,0,1,1,0,3.5,1,0,426,1277
92,1,2.5726,2.5726,2.4795,4.6685,7,1,500000,2,1,0,0,0,0,0,1,0,0,0,0,0,0,0,0,0,1,0,0,0,0,5.0,1,1,939,0
93,1,0.1151,1.3397,1.8329,2.6712,24,2,8950000,2,1,0,0,0,0,0,0,0,0,0,0,0,0,0,1,0,0,1,0,0,0,7.0,1,1,42,447
94,1,1.7479,4.8192,4.0027,4.8192,8,4,55350000,2,0,1,0,0,0,0,0,0,0,0,0,0,0,0,1,0,0,1,1,1,1,4.0,1,1,638,1121
95,0,3.7233,3.7233,,,1,1,4000000,0,1,0,0,0,0,0,0,0,0,0,0,0,0,0,1,0,0,0,1,0,0,3.0,1,0,1359,0
96,1,1.6986,6.5151,3.2849,4.9315,3,5,10764323,3,0,0,0,0,1,1,0,0,0,0,0,0,0,0,0,1,0,1,0,0,0,2.0,1,1,620,1758
97,0,1.4082,1.4082,0.0,0.0,1,1,5500000,1,0,0,0,0,1,1,0,0,0,0,0,0,0,0,0,1,0,0,0,0,0,3.0,1,1,514,0
98,1,4.2849,4.2849,2.4164,5.5151,7,1,400000,2,1,0,0,0,0,0,0,0,0,0,0,0,0,0,1,0,1,0,0,0,0,3.0,1,1,1564,0
99,0,0.7507,3.0137,,,3,3,54000000,0,1,0,0,0,0,0,0,0,0,0,0,0,0,0,1,1,0,0,0,1,0,2.6667,1,0,274,826
100,0,20.8055,20.8055,,,2,1,32000000,0,0,0,0,0,1,1,0,0,0,0,0,0,0,0,0,0,0,0,1,0,0,7.0,1,0,7594,0
101,1,5.789,5.789,,,1,1,13000000,0,0,0,0,0,1,1,0,0,0,0,0,0,0,0,0,0,0,0,0,0,1,4.0,1,0,2113,0
102,1,0.0849,1.2712,,,5,3,12500000,0,0,0,0,0,1,1,0,0,0,0,0,0,0,0,0,1,0,1,1,0,0,2.3333,1,0,31,433
103,1,2.3507,8.2822,1.0027,8.2849,16,4,38064570,2,1,0,0,0,0,0,0,0,0,0,0,0,0,0,1,1,0,0,1,1,1,3.0,1,1,858,2165
104,1,-0.4959,1.2548,2.1726,4.6,21,2,6000000,2,1,0,0,0,0,0,1,0,0,0,0,0,0,0,0,0,1,1,0,0,0,4.0,1,1,-181,639
105,0,2.4658,4.8329,0.5863,5.6164,4,2,5000000,6,0,0,0,0,1,0,1,0,0,0,0,0,0,0,0,0,0,1,1,0,0,1.0,0,1,900,864
106,1,0.0,7.1068,6.0055,10.9041,9,3,59000000,3,0,0,0,0,1,1,0,0,0,0,0,0,0,0,0,1,0,0,0,1,0,2.0,1,1,0,2594
107,0,1.0356,1.0356,0.0,1.0356,2,1,1000000,2,0,0,0,0,1,0,1,0,0,0,0,0,0,0,0,0,1,0,0,0,0,1.0,0,1,378,0
108,1,2.7233,2.7233,0.9151,6.3096,5,1,600000,3,1,0,0,0,0,0,1,0,0,0,0,0,0,0,0,0,1,0,0,0,0,7.0,1,1,994,0
109,0,2.8356,3.1397,3.3781,3.7753,0,2,125000000,2,0,0,0,0,1,0,0,1,0,0,0,0,0,0,0,0,0,1,1,0,0,2.0,1,1,1035,111
110,1,0.7945,2.9014,3.0493,6.5233,11,2,2750000,3,1,0,0,0,0,0,1,0,0,0,0,0,0,0,0,0,1,1,0,0,0,4.0,1,1,290,769
111,1,2.9178,4.7342,,,1,2,30000000,0,1,0,0,0,0,0,0,0,0,0,0,0,0,0,1,0,0,1,1,0,0,2.5,1,0,1065,663
112,0,4.0137,4.0137,,,0,1,7000000,0,1,0,0,0,0,0,0,0,0,0,0,0,0,0,1,0,0,0,0,1,0,1.0,0,0,1465,0
113,1,0.411,0.411,0.0,2.5342,10,1,6100000,2,1,0,0,0,0,0,0,0,0,0,0,0,0,0,1,0,0,0,1,0,0,4.0,1,1,150,0
114,0,0.5315,1.9205,2.2548,2.9781,12,3,2100000,2,1,0,0,0,0,0,0,0,1,0,0,0,0,0,0,1,1,0,0,0,0,4.0,1,1,194,507
115,1,0.1452,0.5014,0.4959,3.011,10,2,2565000,3,1,0,0,0,0,0,0,1,0,0,0,0,0,0,0,0,1,1,0,0,0,3.5,1,1,53,130
116,0,10.7589,10.7589,,,0,1,2000000,0,1,0,0,0,0,0,0,0,0,0,0,0,1,0,0,0,0,0,0,0,0,1.0,0,0,3927,0
117,1,2.5671,5.6904,2.0027,2.0027,3,3,22400000,1,0,0,0,0,1,0,0,0,0,0,0,0,0,0,1,1,0,0,1,1,0,3.6667,1,1,937,1140
118,1,1.0822,1.0822,6.0027,6.0027,12,1,6250000,1,0,1,0,0,0,0,0,0,0,0,0,1,0,0,0,0,0,1,0,0,0,1.0,0,1,395,0
119,1,1.7479,1.7479,1.0,2.1096,4,1,575000,2,0,1,0,0,0,0,1,0,0,0,0,0,0,0,0,0,1,0,0,0,0,6.0,0,1,638,0
120,0,0.0,0.5808,0.0,0.0,1,2,53000,1,0,0,1,0,0,0,1,0,0,0,0,0,0,0,0,0,1,0,0,0,0,1.0,1,1,0,212
121,1,0.9151,2.7753,3.0027,3.6466,6,2,9500000,2,1,0,0,0,0,0,0,0,0,0,0,1,0,0,0,0,0,1,1,0,0,2.5,1,1,334,679
122,0,-0.7479,0.8192,-1.7507,0.2521,7,2,3500000,2,0,0,0,1,0,0,0,0,1,0,0,0,0,0,0,0,1,1,0,0,0,1.0,1,1,-273,572
123,1,0.7726,1.4959,-0.5863,3.7534,14,3,10500000,3,0,1,0,0,0,0,0,0,0,0,0,0,0,0,1,1,0,1,0,0,0,6.3333,1,1,282,264
124,1,0.7562,4.4137,2.7836,4.0027,14,4,34250000,2,1,0,0,0,0,0,0,0,0,0,0,0,0,0,1,1,0,1,1,1,0,2.25,1,1,276,1335
125,1,0.6795,4.5507,,,2,5,85381111,0,0,0,1,0,0,0,0,0,0,0,0,0,1,0,0,0,0,1,1,1,0,4.6667,1,0,248,1413
126,1,6.1671,7.9205,8.0055,11.2548,6,3,100000000,3,0,0,0,0,1,0,1,0,0,0,0,0,0,0,0,1,0,1,0,0,0,2.5,1,1,2251,640
127,0,-1.011,1.4877,0.4055,1.3205,3,2,125000,2,0,0,0,0,1,0,0,0,0,1,0,0,0,0,0,1,1,0,0,0,0,1.0,1,1,-369,912
128,0,2.3178,4.2356,-0.3342,-0.3342,2,2,10600000,1,0,0,0,0,1,0,0,1,0,0,0,0,0,0,0,1,0,0,1,0,0,3.0,1,1,846,700
129,1,2.4192,5.4384,2.0027,2.0027,2,3,26100000,1,1,0,0,0,0,0,0,0,0,0,0,0,0,0,1,1,0,0,1,0,0,3.5,1,1,883,1102
130,1,7.5315,7.5315,10.7342,10.7342,2,1,30000000,1,0,1,0,0,0,0,1,0,0,0,0,0,0,0,0,1,0,0,0,0,0,5.0,1,1,2749,0
131,0,1.0575,1.7699,1.0301,1.1123,6,3,132885,2,0,0,0,0,1,0,0,0,0,0,1,0,0,0,0,0,1,0,0,0,0,1.0,1,1,386,260
132,1,0.6,4.2247,-0.7479,4.4767,9,3,9500000,2,1,0,0,0,0,1,0,0,0,0,0,0,0,0,0,0,0,1,1,1,0,2.0,1,1,219,1323
133,1,6.1233,6.1233,6.0055,6.0055,9,1,18000000,1,1,0,0,0,0,0,0,0,0,0,0,0,0,0,1,1,0,0,0,0,0,7.0,1,1,2235,0
134,0,1.8329,1.8329,1.7479,1.7479,4,1,690000,1,0,0,0,0,1,0,1,0,0,0,0,0,0,0,0,0,1,0,0,0,0,3.0,1,1,669,0
135,1,5.1644,6.0055,,,1,3,25131611,0,0,0,0,0,1,0,0,1,0,0,0,0,0,0,0,1,0,0,1,0,0,1.0,1,0,1885,307
136,0,3.5288,3.5288,,,1,1,2000000,0,1,0,0,0,0,0,0,0,0,0,0,0,0,0,1,0,0,0,0,0,0,1.0,1,0,1288,0
137,1,1.5836,6.6466,5.0055,7.0877,4,3,78750000,2,0,0,1,0,0,0,0,0,0,0,0,0,1,0,0,0,0,1,1,0,0,3.5,1,1,578,1848
138,1,0.2521,4.4055,3.3151,6.7918,27,5,48500000,3,1,0,0,0,0,0,0,0,0,1,0,0,0,0,0,1,1,1,1,1,0,2.5,1,1,92,1516
139,0,0.5726,0.5726,5.1671,8.0082,12,1,15000000,2,1,0,0,0,0,0,0,0,0,0,0,0,0,0,1,0,0,1,0,0,0,3.0,0,1,209,0
140,1,0.9397,5.3178,,,13,5,74000000,0,1,0,0,0,0,0,0,0,0,0,0,0,0,0,1,1,0,0,1,1,0,5.3333,1,0,343,1598
141,1,0.7479,2.3315,2.0,2.0,6,2,15000000,1,1,0,0,0,0,1,0,0,0,0,0,0,0,0,0,0,0,1,1,0,0,3.0,1,1,273,578
142,0,2.0027,3.9178,3.0027,5.2192,8,3,45000000,3,0,1,0,0,0,0,0,0,0,0,1,0,0,0,0,0,0,1,0,0,0,1.0,0,1,731,699
143,1,1.9178,1.9178,2.0027,2.0027,4,1,4410000,1,1,0,0,0,0,0,0,1,0,0,0,0,0,0,0,0,0,1,0,0,0,1.0,1,1,700,0
144,1,0.0,0.8959,2.0,2.6767,9,2,4500000,2,0,0,0,0,1,0,1,0,0,0,0,0,0,0,0,0,0,1,1,0,0,2.0,1,1,0,327
145,1,1.6712,3.7863,4.6685,5.6849,11,3,11040000,2,1,0,0,0,0,1,0,0,0,0,0,0,0,0,0,0,0,1,1,1,0,2.5,1,1,610,772
146,1,1.8822,1.8822,1.3288,2.9479,6,1,1600000,2,1,0,0,0,0,0,0,0,0,0,1,0,0,0,0,0,0,1,0,0,0,3.0,1,1,687,0
147,1,3.4164,3.874,7.7534,7.7534,3,2,9000000,1,0,1,0,0,0,1,0,0,0,0,0,0,0,0,0,1,0,0,1,0,0,4.0,1,1,1247,167
148,1,1.3041,2.6493,0.0,3.6767,4,3,3282327,2,1,0,0,0,0,0,0,0,0,0,0,0,0,0,1,1,0,0,0,0,0,2.0,1,1,476,491
149,1,4.1644,4.1644,5.5836,11.3918,5,2,24700000,5,1,0,0,0,0,0,1,0,0,0,0,0,0,0,0,0,0,1,1,0,0,4.0,1,1,1520,0
150,0,5.6986,6.8877,,,2,2,8800000,0,0,0,0,0,1,0,0,0,0,0,0,0,0,0,1,1,0,1,0,0,0,1.0,1,0,2080,434
151,0,1.1836,1.1836,0.9178,0.9178,1,1,1700000,1,1,0,0,0,0,0,1,0,0,0,0,0,0,0,0,0,0,1,0,0,0,1.0,0,1,432,0
152,0,0.2493,0.2493,0.0,0.7781,1,1,20000,2,1,0,0,0,0,0,1,0,0,0,0,0,0,0,0,0,1,0,0,0,0,1.0,0,1,91,0
153,1,3.1041,4.9205,5.0027,8.3534,10,2,11500000,5,1,0,0,0,0,0,0,1,0,0,0,0,0,0,0,0,0,1,1,0,0,2.5,1,1,1133,663
154,0,2.3068,9.4247,4.4986,11.4164,12,7,98170000,3,1,0,0,0,0,0,0,1,0,0,0,0,0,0,0,1,0,0,1,1,1,5.2,1,1,842,2598
155,1,1.2219,1.2219,0.7479,2.6849,2,1,1350000,3,1,0,0,0,0,0,1,0,0,0,0,0,0,0,0,0,1,0,0,0,0,10.0,1,1,446,0
156,1,4.7068,4.7068,2.989,6.863,17,1,940261,2,0,0,0,0,1,1,0,0,0,0,0,0,0,0,0,0,0,1,0,0,0,1.0,1,1,1718,0
157,1,1.6658,3.6712,3.6658,3.6712,12,2,4000000,3,0,0,1,0,0,0,1,0,0,0,0,0,0,0,0,0,1,1,0,0,0,3.0,1,1,608,732
158,0,1.9562,1.9562,1.0027,1.0027,5,1,5000000,1,1,0,0,0,0,0,1,0,0,0,0,0,0,0,0,0,0,1,0,0,0,1.0,0,1,714,0
159,0,0.0027,0.0027,0.5836,0.5836,3,1,20000,1,0,0,0,0,1,0,1,0,0,0,0,0,0,0,0,0,1,0,0,0,0,1.0,0,1,1,0
160,1,4.0301,4.0301,3.0027,3.0027,5,1,12500000,1,0,0,0,0,1,0,0,0,0,0,0,0,0,0,1,0,0,0,1,0,0,3.0,1,1,1471,0
161,0,1.3397,4.6548,1.3589,1.3753,0,5,7228704,2,0,0,0,0,1,0,0,0,0,0,0,0,0,0,1,1,0,1,0,0,0,2.0,1,1,489,1210
162,0,4.3836,5.9562,5.4986,5.4986,5,2,55000000,1,0,0,0,0,1,0,0,0,0,0,0,0,1,0,0,1,0,0,1,0,0,4.0,1,1,1600,574
163,1,2.063,6.6137,,,5,4,15180000,0,1,0,0,0,0,0,0,0,1,0,0,0,0,0,0,1,0,1,0,1,0,1.0,1,0,753,1661
164,0,2.3479,3.4301,2.3562,4.0027,4,2,30000000,2,1,0,0,0,0,1,0,0,0,0,0,0,0,0,0,0,0,1,1,0,0,2.5,1,1,857,395
165,1,2.5233,2.6685,3.0027,4.4247,11,2,14500000,3,0,0,0,1,0,0,0,0,0,0,0,0,0,0,1,0,0,1,1,0,0,1.5,1,1,921,53
166,1,2.0685,2.0685,2.5808,4.3671,6,1,6500000,3,1,0,0,0,0,0,0,0,0,1,0,0,0,0,0,1,0,0,0,0,0,3.0,1,1,755,0
167,0,0.0,0.0,0.0,0.0,2,1,15000,1,0,0,0,0,1,0,1,0,0,0,0,0,0,0,0,0,1,0,0,0,0,1.0,0,1,0,0
168,1,0.7288,3.6055,1.589,4.1041,5,5,4705910,3,0,1,0,0,0,0,0,1,0,0,0,0,0,0,0,1,1,0,0,0,0,3.0,1,1,266,1050
169,1,2.8055,2.8055,3.0027,4.6493,6,1,3000000,2,1,0,0,0,0,0,0,0,0,0,1,0,0,0,0,1,0,0,0,0,0,1.0,1,1,1024,0
170,1,0.7452,4.9178,3.0438,6.8411,30,6,125250000,5,0,1,0,0,0,0,1,0,0,0,0,0,0,0,0,1,0,1,1,1,1,3.5,1,1,272,1523
171,0,0.3315,4.0027,2.3644,3.6685,8,4,1449998,3,0,1,0,0,0,0,0,0,0,0,0,0,0,0,1,1,1,0,0,0,0,1.0,1,1,121,1340
172,1,0.6959,1.189,0.6629999999999999,2.6247,5,2,6000000,3,0,0,1,0,0,0,0,1,0,0,0,0,0,0,0,0,1,1,0,0,0,6.0,1,1,254,180
173,1,2.0603,6.2301,,,7,3,28200000,0,0,0,0,0,1,0,0,0,0,0,0,0,0,0,1,1,0,0,1,1,0,3.0,1,0,752,1522
174,1,3.1479,4.8795,5.0027,5.0027,5,2,14000000,1,1,0,0,0,0,1,0,0,0,0,0,0,0,0,0,1,0,1,0,0,0,2.0,1,1,1149,632
175,0,1.5808,1.5808,2.2521,2.5342,14,1,3000000,2,0,0,0,1,0,0,0,0,1,0,0,0,0,0,0,0,0,1,0,0,0,1.0,0,1,577,0
176,0,1.5151,1.7644,0.7479,0.7479,6,2,2238055,1,0,0,0,0,1,0,0,0,1,0,0,0,0,0,0,1,1,0,0,0,0,1.0,1,1,553,91
177,0,0.7123,2.2849,1.9507,2.2822,5,2,5200000,2,1,0,0,0,0,0,0,0,0,0,0,0,0,0,1,1,0,1,0,0,0,1.0,1,1,260,574
178,1,3.6329,3.6329,1.1479,3.7781,4,1,75000000,4,0,0,0,0,1,0,0,0,0,0,0,1,0,0,0,1,0,0,0,0,0,1.0,0,1,1326,0
179,0,0.411,3.9699,4.2521,5.7671,13,4,24500000,4,0,0,1,0,0,1,0,0,0,0,0,0,0,0,0,0,0,1,1,1,0,2.5,1,1,150,1299
180,0,4.9068,8.1014,,,3,3,4476171,0,1,0,0,0,0,0,0,0,0,1,0,0,0,0,0,1,0,1,0,0,0,2.0,1,0,1791,1166
181,1,0.5014,2.4219,2.8192,5.8849,21,3,10400001,3,0,0,0,1,0,0,1,0,0,0,0,0,0,0,0,0,0,1,1,0,0,6.0,1,1,183,701
182,1,4.1836,7.1342,5.0027,5.0027,8,3,68400000,1,0,0,0,0,1,0,0,0,0,0,0,0,0,0,1,1,0,0,0,1,1,6.5,1,1,1527,1077
183,1,2.9288,4.6329,,,13,2,15200000,0,1,0,0,0,0,1,0,0,0,0,0,0,0,0,0,0,0,1,1,0,0,2.0,1,0,1069,622
184,0,0.6192,1.5863,,,2,2,890000,0,0,1,0,0,0,0,0,1,0,0,0,0,0,0,0,0,1,0,0,0,0,3.0,1,0,226,353
185,0,10.5315,10.5315,,,0,1,2600000,0,1,0,0,0,0,0,0,1,0,0,0,0,0,0,0,1,0,0,0,0,0,1.0,1,0,3844,0
186,1,3.8685,3.8685,3.8301,4.0877,7,1,1226270,2,0,0,0,0,1,0,0,0,1,0,0,0,0,0,0,0,1,0,0,0,0,1.0,1,1,1412,0
187,1,6.737,8.2877,6.7534,6.7534,5,2,9000000,1,1,0,0,0,0,0,1,0,0,0,0,0,0,0,0,0,0,1,1,0,0,1.0,0,1,2459,566
188,1,4.6521,8.1288,6.0055,6.0055,4,4,7210210,1,1,0,0,0,0,0,0,0,1,0,0,0,0,0,0,1,0,1,1,0,0,1.0,0,1,1698,1269
189,1,0.7397,1.1425,0.5808,0.5808,15,2,15700000,1,1,0,0,0,0,0,0,0,0,0,0,0,0,0,1,0,0,1,0,0,0,3.0,1,1,270,147
190,1,5.6849,6.3151,5.0055,5.0055,4,2,15050000,1,0,0,1,0,0,1,0,0,0,0,0,0,0,0,0,1,0,0,0,1,0,2.5,1,1,2075,230
191,1,0.7479,2.7507,1.5836,4.5315,5,2,3500000,2,1,0,0,0,0,0,0,0,0,0,1,0,0,0,0,0,0,1,1,0,0,3.0,1,1,273,731
192,0,6.4767,7.3507,5.0055,5.0055,2,2,43000000,1,1,0,0,0,0,1,0,0,0,0,0,0,0,0,0,0,0,0,0,1,1,1.0,1,1,2364,319
193,1,1.1616,3.0384,3.2658,5.5397,7,2,57000000,2,1,0,0,0,0,0,1,0,0,0,0,0,0,0,0,0,0,1,1,0,0,3.5,1,1,424,685
194,1,0.8932,0.8932,0.8329,4.2137,8,1,1300000,4,1,0,0,0,0,0,1,0,0,0,0,0,0,0,0,0,1,0,0,0,0,4.0,1,1,326,0
195,1,1.4986,4.4247,4.0877,9.737,15,4,69750000,4,1,0,0,0,0,0,0,0,0,0,1,0,0,0,0,0,0,1,1,1,1,5.0,1,1,547,1068
196,1,3.0,5.0027,9.6247,10.3945,16,2,14500000,2,0,0,1,0,0,0,0,0,0,1,0,0,0,0,0,0,1,0,1,0,0,2.0,1,1,1095,731
197,0,4.0849,5.5836,,,2,2,48000000,0,1,0,0,0,0,0,0,0,0,0,0,0,0,0,1,0,0,0,0,1,1,6.0,1,0,1491,547
198,0,3.5041,5.4438,,,3,2,3508462,0,0,0,0,0,1,0,0,0,0,0,0,0,0,0,1,1,0,1,0,0,0,3.0,1,0,1279,708
199,1,3.4301,5.5589,7.8384,7.8384,10,3,19500000,1,1,0,0,0,0,1,0,0,0,0,0,0,0,0,0,0,0,1,1,0,0,3.3333,1,1,1252,777
200,1,0.4685,0.4685,1.1041,1.6795,5,1,3750000,3,1,0,0,0,0,0,0,1,0,0,0,0,0,0,0,0,0,0,0,0,0,9.0,1,1,171,0
201,0,0.0,0.0,,,1,1,45000000,0,0,0,0,0,1,0,1,0,0,0,0,0,0,0,0,0,0,0,0,0,0,2.0,0,0,0,0
202,0,0.8164,5.5616,4.5562,7.9863,8,4,32500000,3,0,0,0,0,1,0,0,0,1,0,0,0,0,0,0,0,0,1,1,1,1,2.75,1,1,298,1732
203,1,1.8384,8.3397,5.674,13.5562,4,2,4900000,5,0,0,0,0,1,0,0,0,1,0,0,0,0,0,0,0,1,0,1,0,0,1.5,1,1,671,2373
204,0,2.2986,3.2110000000000003,3.5945,4.5753,4,2,12000000,3,1,0,0,0,0,0,0,0,0,1,0,0,0,0,0,0,0,0,1,1,0,2.0,1,1,839,333
205,1,0.0329,2.2055,4.5151,6.9123,12,3,7175000,6,1,0,0,0,0,0,1,0,0,0,0,0,0,0,0,0,1,1,1,0,0,2.6667,1,1,12,793
206,0,1.1699,1.4986,0.0849,5.3863,3,2,4700000,4,1,0,0,0,0,0,1,0,0,0,0,0,0,0,0,0,1,1,0,0,0,1.5,1,1,427,120
207,0,0.0,0.0,,,3,1,120000,0,1,0,0,0,0,0,0,0,0,0,0,0,0,0,1,0,1,0,0,0,0,2.0,0,0,0,0
208,1,5.1041,8.6411,5.6712,6.8986,10,3,10000000,2,1,0,0,0,0,0,0,0,0,1,0,0,0,0,0,1,0,0,1,0,0,1.6667,0,1,1863,1291
209,0,4.9562,10.3151,,,0,4,39000000,0,0,0,0,1,0,0,0,0,0,0,0,0,0,0,1,1,0,1,0,0,0,3.0,0,0,1809,1956
210,1,2.2411,4.0301,,,3,2,16100000,0,0,0,1,0,0,1,0,0,0,0,0,0,0,0,0,0,0,0,1,1,0,2.5,1,0,818,653
211,1,1.2466,2.0849,2.4986,5.3233,4,2,3300000,3,1,0,0,0,0,0,0,0,0,1,0,0,0,0,0,0,1,1,0,0,0,2.0,1,1,455,306
212,1,1.5616,1.5616,1.2438,1.7726,6,1,750000,3,1,0,0,0,0,0,0,0,0,0,0,0,0,0,1,0,1,0,0,0,0,9.0,1,1,570,0
213,0,2.4493,2.4493,,,0,2,1000000,0,0,0,0,0,1,1,0,0,0,0,0,0,0,0,0,1,1,0,0,0,0,2.0,0,0,894,0
214,0,11.3342,11.3342,,,3,1,7410000,0,0,1,0,0,0,0,0,0,0,0,0,0,1,0,0,1,0,0,0,0,0,3.0,1,0,4137,0
215,1,6.8932,10.4082,,,5,3,52800000,0,1,0,0,0,0,0,0,0,0,0,0,0,0,0,1,1,0,0,0,1,0,5.3333,1,0,2516,1283
216,0,4.6685,9.1178,9.7534,12.8027,33,3,37000000,4,1,0,0,0,0,1,0,0,0,0,0,0,0,0,0,0,0,1,1,1,0,1.3333,1,1,1704,1624
217,1,1.137,3.737,2.463,3.2164,14,3,14229998,3,1,0,0,0,0,0,1,0,0,0,0,0,0,0,0,0,0,1,1,0,0,3.0,1,1,415,949
218,1,0.7205,2.4356,0.7671,2.7918,7,2,3000000,2,1,0,0,0,0,0,0,0,0,0,0,0,0,0,1,0,0,1,1,0,0,2.5,1,1,263,626
219,1,4.0384,4.0384,6.0027,6.0027,10,1,20000000,1,0,1,0,0,0,0,0,0,0,1,0,0,0,0,0,0,0,1,0,0,0,1.0,0,1,1474,0
220,1,0.7479,2.0959,1.6548,2.0959,6,2,2000000,3,0,0,0,0,1,0,0,0,0,1,0,0,0,0,0,0,1,0,0,0,0,1.5,1,1,273,492
221,1,3.8192,6.0932,9.0055,9.7726,3,2,19900000,2,0,0,0,0,1,1,0,0,0,0,0,0,0,0,0,1,0,0,1,0,0,2.0,1,1,1394,830
222,0,1.2493,1.2493,2.589,2.589,6,1,1500000,1,1,0,0,0,0,0,0,0,0,0,0,1,0,0,0,0,0,0,0,0,0,1.0,0,1,456,0
223,0,0.0,0.0,1.2521,1.2521,4,1,325000,1,1,0,0,0,0,0,0,0,0,0,0,0,0,0,1,0,1,0,0,0,0,4.0,0,1,0,0
224,0,0.463,0.463,1.2795,1.8192,16,1,3500000,2,1,0,0,0,0,0,0,0,1,0,0,0,0,0,0,0,0,1,0,0,0,5.0,1,1,169,0
225,0,2.0027,4.3863,1.5836,4.1918,7,4,30000000,2,0,0,0,0,1,0,0,0,0,0,0,0,0,0,1,0,1,1,1,0,0,2.0,1,1,731,870
226,1,4.2384,4.2384,,,1,1,50000000,0,1,0,0,0,0,0,0,0,0,0,0,0,1,0,0,0,0,0,0,0,1,6.0,1,0,1547,0
227,1,1.4712,1.4712,1.0027,1.4712,5,1,2000000,2,0,1,0,0,0,0,0,0,0,0,0,1,0,0,0,0,0,1,0,0,0,3.0,1,1,537,0
228,1,1.5041,5.8356,6.1699,8.3534,25,6,72000000,2,1,0,0,0,0,0,0,0,0,1,0,0,0,0,0,1,0,1,1,1,1,2.3333,1,1,549,1581
229,1,1.6849,5.8493,8.4219,8.4219,4,3,27690547,1,1,0,0,0,0,0,0,0,0,0,0,0,0,0,1,0,0,0,1,1,1,4.5,1,1,615,1520
230,0,2.189,2.189,,,32,1,9000000,0,0,0,0,1,0,0,0,0,0,0,0,0,0,0,1,0,0,0,1,0,0,4.0,1,0,799,0
231,1,0.4192,1.4658,3.1315,4.137,12,2,7500000,3,1,0,0,0,0,0,0,0,1,0,0,0,0,0,0,0,0,1,0,0,0,3.5,1,1,153,382
232,1,0.6932,1.4986,3.4164,3.4164,9,2,10000000,1,0,0,0,1,0,1,0,0,0,0,0,0,0,0,0,0,0,1,0,0,0,2.0,1,1,253,294
233,1,1.4411,6.6795,2.0,2.0,7,4,5965000,1,1,0,0,0,0,1,0,0,0,0,0,0,0,0,0,1,0,1,0,0,0,1.0,0,1,526,1912
234,1,-0.2466,-0.2466,-0.4082,7.4548,9,1,4000000,4,1,0,0,0,0,0,0,1,0,0,0,0,0,0,0,0,0,1,0,0,0,1.0,0,1,-90,0
235,0,5.1397,5.1397,7.0055,7.0055,2,1,5000000,1,0,0,0,0,1,0,0,0,0,1,0,0,0,0,0,1,0,0,0,0,0,1.0,0,1,1876,0
236,1,1.0877,1.0877,5.0959,7.3863,15,1,11500000,2,1,0,0,0,0,0,0,0,0,1,0,0,0,0,0,0,0,1,0,0,0,2.0,1,1,397,0
237,0,1.0356,2.1479,1.5808,1.5808,2,2,1050000,1,0,0,0,0,1,0,1,0,0,0,0,0,0,0,0,1,0,0,0,0,0,1.0,0,1,378,406
238,1,1.1644,1.3507,1.3507,3.3315,13,2,5500000,2,0,1,0,0,0,0,1,0,0,0,0,0,0,0,0,0,0,1,0,0,0,2.0,1,1,425,68
239,1,0.8301,2.8329,1.0877,3.337,17,3,5000000,4,0,0,0,0,1,0,0,0,0,1,0,0,0,0,0,0,1,1,0,0,0,1.6667,1,1,303,731
240,0,-1.0521,0.6247,-1.3589,1.663,11,2,3700000,3,1,0,0,0,0,0,0,0,1,0,0,0,0,0,0,1,0,0,0,0,0,3.0,0,1,-384,612
241,0,1.2137,3.0082,,,4,2,7000000,0,1,0,0,0,0,1,0,0,0,0,0,0,0,0,0,0,0,1,0,0,0,2.0,0,0,443,655
242,0,1.2466,2.1616,2.0,3.8137,14,2,32000000,4,0,0,1,0,0,0,0,0,0,0,0,0,0,0,1,0,0,1,1,0,0,3.5,1,1,455,334
243,1,0.7123,4.2301,2.6685,3.0575,8,3,7900000,2,0,0,1,0,0,0,0,0,0,1,0,0,0,0,0,0,0,1,0,0,0,2.0,0,1,260,1284
244,1,0.6685,6.2795,2.7945,7.4493,16,5,80000000,3,1,0,0,0,0,0,0,0,0,0,0,0,0,0,1,0,1,1,1,1,1,2.25,1,1,244,2048
245,0,4.8247,4.8247,0.2466,0.2466,1,1,5000000,1,0,0,0,1,0,0,0,1,0,0,0,0,0,0,0,1,0,0,0,0,0,1.0,1,1,1761,0
246,1,1.0,3.1863,2.4301,7.6247,5,2,2100000,3,0,0,0,0,1,0,0,0,0,0,0,0,0,0,1,0,1,1,0,0,0,1.5,1,1,365,798
247,1,0.2055,4.3973,3.4164,3.4164,6,4,22250000,1,0,0,0,0,1,0,0,0,1,0,0,0,0,0,0,0,0,1,1,1,1,2.5,1,1,75,1530
248,1,0.5397,1.5014,-14.1699,2.2082,6,2,1975000,2,0,0,0,0,1,0,0,0,1,0,0,0,0,0,0,1,1,0,0,0,0,3.0,0,1,197,351
249,1,0.0,0.0,3.5918,4.3260000000000005,0,1,1000000,2,0,1,0,0,0,0,1,0,0,0,0,0,0,0,0,0,1,0,0,0,0,1.0,1,1,0,0
250,0,2.3452,2.3452,,,0,1,35000000,0,0,0,0,0,1,0,0,0,0,0,0,0,0,0,1,0,0,0,0,1,0,1.0,0,0,856,0
251,1,0.0822,4.3260000000000005,3.663,5.6110000000000015,12,7,88651133,5,0,1,0,0,0,0,0,1,0,0,0,0,0,0,0,1,1,1,1,1,1,3.1667,1,1,30,1549
252,1,5.5945,5.5945,,,3,1,26000000,0,0,0,1,0,0,0,0,0,0,0,0,0,0,0,1,1,0,0,0,0,0,2.0,1,0,2042,0
253,0,0.6712,0.6712,0.0,0.7562,3,1,100000,2,1,0,0,0,0,0,0,0,0,0,1,0,0,0,0,0,1,0,0,0,0,1.0,0,1,245,0
254,1,1.0,1.0,3.811,4.9178,6,1,5000000,3,0,0,0,0,1,0,0,1,0,0,0,0,0,0,0,0,0,1,0,0,0,1.0,1,1,365,0
255,0,6.8356,8.3096,,,5,2,7300000,0,0,0,0,0,1,0,0,0,0,0,0,0,1,0,0,1,0,1,0,0,0,3.0,1,0,2495,538
256,1,2.0027,6.2274,4.0027,10.7616,8,3,64080000,2,1,0,0,0,0,0,0,0,0,0,0,0,1,0,0,0,0,1,1,1,0,4.0,1,1,731,1542
257,1,1.3425,1.726,-0.0822,1.7205,8,2,5800000,2,0,0,0,0,1,0,0,0,1,0,0,0,0,0,0,0,1,1,0,0,0,4.0,1,1,490,140
258,0,4.0027,5.7534,5.9233,6.0,6,4,89500000,2,1,0,0,0,0,0,0,0,0,0,0,0,0,0,1,0,0,0,1,1,0,1.0,1,1,1461,639
259,1,0.5808,5.2521,3.0877,4.1699,11,4,23350000,2,1,0,0,0,0,0,0,0,0,0,1,0,0,0,0,0,1,1,1,0,0,3.0,1,1,212,1705
260,1,3.6877,5.9644,,,7,2,13500000,0,0,0,1,0,0,1,0,0,0,0,0,0,0,0,0,1,0,0,0,1,0,2.5,1,0,1346,831
261,1,7.3534,8.126,11.0329,11.0575,13,2,24500000,2,0,0,1,0,0,0,0,0,0,0,0,0,0,0,1,0,0,0,0,0,0,5.5,1,1,2684,282
262,0,3.6027,3.6027,3.0027,3.0027,2,1,10000000,1,1,0,0,0,0,0,0,0,0,0,0,0,0,0,1,0,0,0,0,1,0,4.0,1,1,1315,0
263,0,-1.9863,-1.9863,,,3,1,8500000,0,0,0,0,0,1,0,0,0,0,0,0,0,0,0,1,1,0,0,0,0,0,1.0,0,0,-725,0
264,0,16.4192,16.4192,,,0,1,6000000,0,0,0,0,1,0,0,0,0,0,0,0,0,0,0,1,0,0,0,1,0,0,3.0,0,0,5993,0
265,1,1.337,1.337,1.3479,1.3479,3,1,2000000,1,1,0,0,0,0,1,0,0,0,0,0,0,0,0,0,0,0,1,0,0,0,2.0,1,1,488,0
266,1,1.1123,1.937,0.0,1.1123,3,2,4100000,2,0,0,0,1,0,0,0,0,1,0,0,0,0,0,0,0,0,1,0,0,0,1.5,1,1,406,301
267,1,0.3699,0.3699,1.9507,8.3178,5,1,6200000,4,1,0,0,0,0,0,0,0,0,0,0,0,0,0,1,0,0,1,0,0,0,2.0,1,1,135,0
268,1,4.0877,5.5753,4.0027,4.0027,8,2,12250000,1,1,0,0,0,0,0,0,0,0,1,0,0,0,0,0,0,0,0,1,1,0,2.5,1,1,1492,543
269,1,3.3945,5.0712,5.7233,8.7342,3,2,11725600,2,1,0,0,0,0,0,0,1,0,0,0,0,0,0,0,0,0,1,1,0,0,2.0,1,1,1239,612
270,0,4.3151,5.8301,,,1,2,16000000,0,0,0,1,0,0,1,0,0,0,0,0,0,0,0,0,0,0,1,1,0,0,3.0,1,0,1575,553
271,1,2.4767,4.3836,3.3945,4.9863,10,3,5056559,2,0,0,0,0,1,0,0,1,0,0,0,0,0,0,0,1,0,1,0,0,0,1.6667,1,1,904,696
272,1,0.4137,0.4137,6.8329,8.874,9,1,100000,3,1,0,0,0,0,0,1,0,0,0,0,0,0,0,0,0,1,0,0,0,0,1.0,1,1,151,0
273,1,2.3342,6.9671,4.0027,8.3014,11,3,68200000,3,1,0,0,0,0,0,0,0,0,0,0,0,0,0,1,1,1,0,0,0,0,4.0,1,1,852,1691
274,1,4.0877,9.3068,6.0027,6.0027,5,3,33000000,1,1,0,0,0,0,0,0,0,1,0,0,0,0,0,0,1,0,0,1,0,1,3.6667,1,1,1492,1905
275,0,1.7863,3.3014,2.0822,2.3288,8,3,3352194,2,0,0,0,0,1,0,0,0,0,0,0,0,0,0,1,0,1,1,0,0,0,9.5,0,1,652,553
276,1,1.4082,1.9068,-0.1616,1.8384,5,2,2212000,2,0,1,0,0,0,0,0,0,0,0,0,0,0,0,1,0,1,1,0,0,0,3.0,1,1,514,182
277,1,5.9014,7.2904,,,1,4,19800000,0,1,0,0,0,0,0,0,0,0,0,0,0,1,0,0,1,0,0,0,0,1,5.0,1,0,2154,507
278,0,0.8301,1.0986,1.1014,1.1616,6,2,4500000,2,1,0,0,0,0,0,1,0,0,0,0,0,0,0,0,0,1,1,0,0,0,3.0,1,1,303,98
279,1,4.0027,4.0055,4.0027,4.0027,2,2,14000000,1,0,0,1,0,0,1,0,0,0,0,0,0,0,0,0,1,0,0,1,0,0,1.5,1,1,1461,1
280,0,0.0548,0.0548,0.0685,0.4,4,1,100000,2,0,0,0,0,1,0,0,0,0,0,0,0,0,0,1,0,1,0,0,0,0,1.0,0,1,20,0
281,1,2.3562,3.4274,3.0027,5.3425,4,2,9900000,2,1,0,0,0,0,1,0,0,0,0,0,0,0,0,0,0,0,1,1,0,0,2.0,1,1,860,391
282,1,0.0,5.063,5.0055,5.7945,10,3,7600000,2,1,0,0,0,0,0,0,0,0,1,0,0,0,0,0,0,0,1,1,0,0,5.0,1,1,0,1848
283,0,0.0,0.0,0.737,0.737,2,1,50000,1,1,0,0,0,0,0,0,0,0,0,1,0,0,0,0,0,1,0,0,0,0,2.0,0,1,0,0
284,0,-0.0849,-0.0849,,,3,1,650000,0,1,0,0,0,0,0,0,0,0,0,0,0,0,0,1,0,1,0,0,0,0,1.0,0,0,-31,0
285,0,0.9178,2.7288,2.4164,2.7288,8,3,10500000,3,1,0,0,0,0,0,0,1,0,0,0,0,0,0,0,1,0,1,1,0,0,2.0,1,1,335,661
286,1,0.4712,0.4712,0.0,0.9178,12,1,500000,2,1,0,0,0,0,0,1,0,0,0,0,0,0,0,0,0,1,0,0,0,0,1.0,0,1,172,0
287,1,1.9342,4.0438,2.0027,10.189,2,2,24300000,3,1,0,0,0,0,0,1,0,0,0,0,0,0,0,0,0,0,0,1,1,0,2.5,1,1,706,770
288,0,7.4904,7.874,7.0055,7.0055,6,2,18000000,1,1,0,0,0,0,0,0,0,0,0,0,0,0,0,1,1,0,0,1,0,0,4.0,1,1,2734,140
289,1,0.6548,3.5452,3.8438,6.5589,27,3,26000000,5,1,0,0,0,0,0,0,0,0,0,0,0,0,0,1,0,0,1,1,1,0,3.6667,1,1,239,1055
290,0,2.2466,5.0356,,,2,2,9500000,0,1,0,0,0,0,0,0,0,0,0,0,0,0,0,1,1,0,0,1,0,0,3.0,1,0,820,1018
291,1,7.3151,7.3151,5.0055,5.0055,6,1,16980999,1,0,0,0,0,1,0,0,0,0,0,0,0,1,0,0,0,0,0,1,0,0,1.0,1,1,2670,0
292,0,1.0027,1.0027,1.1644,3.5699,2,1,5000000,2,1,0,0,0,0,0,0,0,0,0,1,0,0,0,0,0,0,1,0,0,0,3.0,0,1,366,0
293,0,1.6712,1.6712,,,3,1,350000,0,0,0,0,0,1,0,0,0,0,0,0,0,0,0,1,1,0,0,0,0,0,1.0,0,0,610,0
294,0,1.2384,4.9726,1.0,1.0,1,5,13130000,1,0,0,1,0,0,0,1,0,0,0,0,0,0,0,0,1,0,1,0,0,0,2.0,1,1,452,1363
295,0,2.8247,2.8247,0.0,2.8219,1,1,20000000,2,0,0,0,0,1,1,0,0,0,0,0,0,0,0,0,0,0,1,0,0,0,1.0,0,1,1031,0
296,1,0.5014,3.2959,2.0685,6.9973,18,3,26500000,4,0,0,1,0,0,0,0,1,0,0,0,0,0,0,0,1,0,1,1,0,0,2.0,1,1,183,1020
297,1,3.6986,4.1041,,,4,2,15000000,0,0,0,1,0,0,0,0,0,1,0,0,0,0,0,0,0,0,0,1,0,0,5.0,1,0,1350,148
298,0,4.3041,4.3041,,,0,1,2600000,0,0,0,0,0,1,0,0,0,0,0,0,0,0,0,1,0,0,1,0,0,0,1.0,0,0,1571,0
299,0,2.3973,6.0329,,,1,4,21470000,0,1,0,0,0,0,0,0,0,0,0,0,0,0,0,1,0,0,1,1,0,0,3.5,1,0,875,1327
300,0,0.0,0.0,0.274,0.863,5,1,20000,2,0,0,0,1,0,0,0,1,0,0,0,0,0,0,0,0,1,0,0,0,0,1.0,0,1,0,0
301,0,1.9151,2.5808,2.0,6.9178,10,2,3600000,3,1,0,0,0,0,0,1,0,0,0,0,0,0,0,0,0,1,1,0,0,0,1.0,0,1,699,243
302,1,0.8329,7.2521,8.0055,8.4,23,7,27300000,4,0,1,0,0,0,0,0,0,0,0,1,0,0,0,0,0,1,1,1,1,1,2.0,1,1,304,2343
303,1,0.5863,0.5863,1.0493,1.0493,8,1,2600000,1,1,0,0,0,0,0,0,0,0,0,0,1,0,0,0,0,0,1,0,0,0,2.0,0,1,214,0
304,0,0.8027,0.8027,0.0,1.411,5,1,5000000,2,1,0,0,0,0,0,1,0,0,0,0,0,0,0,0,0,0,1,0,0,0,1.0,1,1,293,0
305,1,4.7589,6.2247,3.6685,6.2247,2,2,17000000,2,1,0,0,0,0,0,0,1,0,0,0,0,0,0,0,0,0,1,1,0,0,3.5,1,1,1737,535
306,0,4.3699,4.3699,,,0,1,662000,0,0,0,0,0,1,0,0,0,0,0,0,0,0,0,1,0,0,1,0,0,0,3.0,0,0,1595,0
307,1,0.0,1.0247,2.0055,2.7315,12,2,3750000,2,0,1,0,0,0,0,0,0,0,0,0,0,0,0,1,0,1,1,0,0,0,4.0,1,1,0,374
308,1,0.9726,6.7534,5.2466,9.1534,57,4,45000000,8,1,0,0,0,0,0,0,0,0,0,0,0,0,0,1,0,0,1,1,1,1,4.6667,1,1,355,2110
309,1,3.8849,5.863,2.8356,6.1123,9,2,6700000,4,0,1,0,0,0,0,0,0,0,0,0,0,0,0,1,1,0,0,0,0,0,8.0,1,1,1418,722
310,1,0.1753,3.8795,2.0,4.474,12,3,20750000,2,1,0,0,0,0,0,0,0,0,0,0,0,0,0,1,1,0,1,1,0,0,2.3333,1,1,64,1352
311,1,1.1616,7.5041,,,5,4,19000000,0,1,0,0,0,0,0,0,0,0,0,1,0,0,0,0,0,0,1,1,1,0,2.0,1,0,424,2315
312,1,-0.4192,0.6658,,,20,3,22500000,0,1,0,0,0,0,0,0,0,0,0,0,0,0,0,1,1,0,1,0,0,0,4.0,1,0,-153,396
313,1,0.5041,3.0986,2.2384,3.7562,10,3,7300000,3,1,0,0,0,0,0,0,0,0,1,0,0,0,0,0,0,1,1,1,0,0,2.0,1,1,184,947
314,0,0.7479,7.8247,4.3151,5.9041,16,7,26390819,3,0,0,0,0,1,0,1,0,0,0,0,0,0,0,0,1,0,1,1,0,0,1.3333,1,1,273,2583
315,1,4.4959,4.4959,,,4,1,10000000,0,0,0,0,0,1,1,0,0,0,0,0,0,0,0,0,0,0,0,0,1,0,3.0,1,0,1641,0
316,0,0.0849,0.0849,0.0,0.0,1,1,31000,1,0,1,0,0,0,0,1,0,0,0,0,0,0,0,0,0,1,0,0,0,0,2.0,0,1,31,0
317,1,1.7479,2.7288,1.7479,6.1452,16,3,21500000,4,1,0,0,0,0,0,0,1,0,0,0,0,0,0,0,0,0,1,1,0,0,3.3333,1,1,638,358
318,1,4.8521,4.8521,6.5863,6.5863,5,1,4000000,1,0,0,0,0,1,0,0,0,0,0,0,0,0,0,1,0,0,0,0,0,0,5.0,1,1,1771,0
319,1,0.5041,3.7068,2.9863,4.0219,5,3,9400000,4,1,0,0,0,0,0,0,0,0,0,1,0,0,0,0,1,0,1,1,0,0,4.0,1,1,184,1169
320,1,0.0411,2.1288,1.7562,4.874,9,3,5600000,4,0,1,0,0,0,0,1,0,0,0,0,0,0,0,0,0,0,1,1,0,0,2.0,1,1,15,762
321,1,2.0027,3.0466,3.5836,5.4767,9,2,6000000,2,1,0,0,0,0,0,0,0,0,0,0,0,0,0,1,0,0,1,1,0,0,2.5,1,1,731,381
322,1,2.137,10.1288,10.4164,12.1863,35,4,60704370,3,0,0,0,0,1,0,0,0,0,0,0,0,0,0,1,1,0,0,1,0,1,2.0,1,1,780,2917
323,1,0.7534,3.0712,3.9178,4.5041,16,3,2000000,2,1,0,0,0,0,0,0,0,0,0,0,0,0,0,1,0,1,0,0,0,0,3.6667,1,1,275,846
324,1,0.4548,0.7041,0.5808,1.737,5,2,1000000,3,1,0,0,0,0,0,0,0,0,0,0,0,0,0,1,1,0,1,0,0,0,5.5,1,1,166,91
325,0,1.126,1.4055,0.7918,1.3973,3,2,200000,2,0,0,0,0,1,0,0,0,0,0,1,0,0,0,0,0,1,1,0,0,0,2.0,1,1,411,102
326,0,1.8658,1.8658,0.0,1.863,2,1,2300000,2,1,0,0,0,0,0,0,0,0,0,0,0,0,0,1,0,0,1,0,0,0,2.0,1,1,681,0
327,0,2.2164,2.2164,0.7479,3.4164,5,1,1000000,4,1,0,0,0,0,0,0,1,0,0,0,0,0,0,0,0,0,1,0,0,0,1.0,1,1,809,0
328,1,0.8356,5.7534,4.9781,7.0301,13,5,24750000,3,1,0,0,0,0,0,0,0,0,0,0,0,0,0,1,1,1,1,1,0,0,2.4,1,1,305,1795
329,0,2.5534,6.3945,6.6356,6.6356,15,2,12800000,1,0,0,0,0,1,1,0,0,0,0,0,0,0,0,0,0,0,1,1,0,0,2.0,1,1,932,1402
330,1,4.2384,6.5753,7.0027,7.0027,10,2,30500000,1,1,0,0,0,0,0,0,0,1,0,0,0,0,0,0,0,0,0,0,0,1,4.5,1,1,1547,853
331,0,5.5671,8.5342,5.6055,7.8384,3,3,36300000,2,1,0,0,0,0,0,0,0,0,0,0,0,0,0,1,1,0,0,0,1,0,1.5,1,1,2032,1083
332,1,2.1726,3.0849,3.0877,4.7753,7,3,6693782,3,1,0,0,0,0,0,0,0,0,0,0,0,0,0,1,1,0,0,0,0,0,1.6667,1,1,793,333
333,0,11.4329,11.4329,,,1,1,20000000,0,1,0,0,0,0,0,0,0,0,0,0,0,0,0,1,0,0,0,0,1,0,5.0,1,0,4173,0
334,1,3.4767,3.4767,3.6849,5.6274,8,1,11370000,3,1,0,0,0,0,0,0,0,0,0,0,0,0,0,1,0,0,1,0,0,0,2.0,1,1,1269,0
335,1,0.5863,2.6384,3.5425,6.0712,13,3,16500000,4,1,0,0,0,0,0,1,0,0,0,0,0,0,0,0,0,0,1,1,1,0,1.3333,1,1,214,749
336,0,0.0,0.0,3.411,3.411,3,1,250000,1,1,0,0,0,0,0,0,0,0,0,0,0,0,0,1,0,1,0,0,0,0,3.0,0,1,0,0
337,1,0.5041,3.3562,3.4219,7.2274,9,5,14400000,5,0,1,0,0,0,0,1,0,0,0,0,0,0,0,0,0,1,1,1,0,0,5.8,1,1,184,1041
338,1,0.0,3.9562,4.7616,5.1507,24,5,90000000,3,0,1,0,0,0,0,0,0,1,0,0,0,0,0,0,1,0,1,1,1,1,3.8,1,1,0,1444
339,1,1.0164,7.1534,5.6959,8.1781,10,4,13075000,2,1,0,0,0,0,0,0,0,0,1,0,0,0,0,0,0,0,1,1,0,0,4.0,1,1,371,2240
340,1,-0.4986,-0.4137,-0.4986,5.7699,10,2,26000000,4,1,0,0,0,0,0,0,0,0,0,1,0,0,0,0,0,0,1,0,1,0,2.5,1,1,-182,31
341,1,3.1616,3.6904,3.0027,4.5041,6,2,16300000,2,0,0,1,0,0,0,0,0,1,0,0,0,0,0,0,0,0,0,1,0,0,2.0,1,1,1154,193
342,1,4.4521,7.2274,7.0055,7.0055,5,2,5992316,1,0,0,0,1,0,0,0,0,1,0,0,0,0,0,0,1,0,1,0,0,0,2.0,0,1,1625,1013
343,1,3.0575,5.011,,,2,4,89400001,0,1,0,0,0,0,0,0,0,0,0,0,0,1,0,0,1,0,1,1,0,0,4.3333,1,0,1116,713
344,0,0.8027,0.8027,5.3151,5.3151,4,1,1200000,1,1,0,0,0,0,1,0,0,0,0,0,0,0,0,0,0,0,1,0,0,0,1.0,0,1,293,0
345,0,1.1836,1.3781,1.3288,3.1096,7,2,1900000,2,0,1,0,0,0,0,1,0,0,0,0,0,0,0,0,0,1,1,0,0,0,2.5,1,1,432,71
346,0,9.3534,12.4055,7.0055,11.3836,9,3,30300000,2,1,0,0,0,0,0,0,0,0,0,1,0,0,0,0,1,0,0,0,0,1,4.5,1,1,3414,1114
347,0,2.0027,2.0027,,,4,1,500000,0,0,1,0,0,0,0,1,0,0,0,0,0,0,0,0,0,1,0,0,0,0,5.0,0,0,731,0
348,1,0.0,6.9671,6.4247,7.3562,19,5,74000000,2,1,0,0,0,0,0,0,0,0,0,0,0,0,0,1,0,1,1,1,1,1,1.75,1,1,0,2543
349,1,7.1205,7.1205,,,3,1,18800000,0,0,0,0,1,0,0,0,0,0,0,0,0,0,0,1,0,0,0,0,1,0,7.0,1,0,2599,0
350,0,0.3288,0.3288,-0.4192,-0.4192,3,1,20000,1,0,0,0,0,1,0,1,0,0,0,0,0,0,0,0,0,1,0,0,0,0,1.0,0,1,120,0
351,1,0.1616,2.1781,1.5096,2.1781,3,4,3350000,2,0,0,0,0,1,0,0,1,0,0,0,0,0,0,0,0,1,1,1,0,0,1.5,0,1,59,736
352,1,5.0192,5.0192,,,1,1,26100000,0,0,0,0,0,1,0,0,0,0,0,0,0,1,0,0,1,0,0,0,0,0,2.0,1,0,1832,0
353,0,1.411,2.5151,,,0,2,1213066,0,0,0,0,0,1,0,0,0,1,0,0,0,0,0,0,1,0,0,0,0,0,1.0,1,0,515,403
354,1,0.8438,4.2219,0.7616,4.9288,18,3,24030000,3,1,0,0,0,0,0,0,0,0,1,0,0,0,0,0,0,0,1,1,0,0,3.6667,1,1,308,1233
355,1,0.4986,3.4247,1.9863,5.9616,14,3,13100000,5,1,0,0,0,0,0,0,0,0,0,0,0,0,0,1,0,1,0,1,1,0,1.6667,1,1,182,1068
356,1,0.0822,1.7671,0.3014,5.0082,6,3,560001,5,0,1,0,0,0,1,0,0,0,0,0,0,0,0,0,1,1,0,0,0,0,3.5,1,1,30,615
357,1,2.8493,2.8493,2.9068,4.1918,7,1,3500000,3,0,0,0,0,1,0,0,0,1,0,0,0,0,0,0,0,0,1,0,0,0,2.0,1,1,1040,0
358,1,0.1616,7.5041,7.0521,8.6192,45,7,121500000,3,0,0,1,0,0,0,0,1,0,0,0,0,0,0,0,1,0,1,1,1,1,4.5,1,1,59,2680
359,1,0.9726,3.8438,2.0,2.0,18,4,42500000,1,1,0,0,0,0,0,0,1,0,0,0,0,0,0,0,1,0,1,1,1,0,2.5,1,1,355,1048
360,1,5.4384,6.4192,6.0055,6.0055,26,2,36000000,1,0,0,0,0,1,1,0,0,0,0,0,0,0,0,0,1,0,0,0,0,1,3.5,1,1,1985,358
361,0,2.5973,2.5973,2.9178,5.4822,7,1,12170000,2,1,0,0,0,0,0,0,0,1,0,0,0,0,0,0,0,0,0,0,1,0,3.0,1,1,948,0
362,1,5.7534,5.7534,8.0055,9.8356,4,1,1000000,2,0,1,0,0,0,1,0,0,0,0,0,0,0,0,0,0,0,1,0,0,0,3.0,1,1,2100,0
363,1,3.337,3.937,-2.4986,4.7205,5,3,1820000,4,1,0,0,0,0,0,0,1,0,0,0,0,0,0,0,0,1,0,0,0,0,1.0,0,1,1218,219
364,1,4.6,9.4164,5.2575,9.7753,19,4,5700000000,2,0,0,0,0,1,0,0,1,0,0,0,0,0,0,0,0,0,0,0,0,0,4.25,1,1,1679,1758
365,1,6.9699,6.9699,0.0849,11.9699,6,1,5000000,2,0,0,0,1,0,0,0,0,0,0,0,0,0,0,1,0,0,0,0,1,0,5.0,1,1,2544,0
366,1,0.8384,1.4055,1.6356,1.6356,4,2,18800000,1,0,1,0,0,0,0,0,0,0,0,0,0,0,0,1,0,0,1,1,0,0,2.5,1,1,306,207
367,1,2.3452,3.3534,,,3,2,72300000,0,1,0,0,0,0,0,0,0,0,1,0,0,0,0,0,0,0,0,1,1,0,4.5,1,0,856,368
368,1,-0.1369999999999999,3.1452,-2.0932,4.4082,3,3,1310000,4,1,0,0,0,0,0,0,0,0,0,0,0,0,0,1,0,1,0,0,0,0,1.0,0,1,-50,1198
369,0,2.4164,4.7753,4.0027,4.0027,2,2,15000000,1,0,0,1,0,0,1,0,0,0,0,0,0,0,0,0,0,0,1,1,0,0,2.5,1,1,882,861
370,1,2.2521,4.7397,5.3370000000000015,7.274,22,3,39007789,5,0,1,0,0,0,0,0,0,1,0,0,0,0,0,0,0,0,1,1,1,0,3.0,1,1,822,908
371,1,2.0685,2.0685,-1.9151,-1.9151,3,1,25000000,1,0,0,1,0,0,1,0,0,0,0,0,0,0,0,0,0,0,0,0,0,1,5.0,1,1,755,0
372,1,0.3288,2.0932,1.3288,2.7534,4,3,172500,2,0,0,1,0,0,0,1,0,0,0,0,0,0,0,0,0,1,0,0,0,0,1.0,0,1,120,644
373,1,1.6658,2.1123,2.3041,3.5507,23,2,6100000,2,0,1,0,0,0,0,0,0,0,0,0,0,0,0,1,0,0,1,1,0,0,1.0,1,1,608,163
374,1,2.2192,7.9315,1.6685,9.0904,7,3,40300000,5,1,0,0,0,0,0,0,1,0,0,0,0,0,0,0,1,0,0,1,1,0,4.0,1,1,810,2085
375,0,0.3616,0.3616,0.3753,0.5425,9,1,100000,3,1,0,0,0,0,0,0,0,0,0,0,1,0,0,0,0,1,0,0,0,0,1.0,0,1,132,0
376,1,0.3342,5.4904,2.7507,5.589,14,5,19389998,2,0,0,0,0,1,0,0,0,0,0,0,0,0,0,1,1,0,1,1,1,0,1.5,1,1,122,1882
377,1,2.4822,4.8192,5.5863,11.9452,21,2,61500000,3,1,0,0,0,0,0,0,0,0,0,0,0,0,0,1,0,0,0,1,0,1,4.0,1,1,906,853
378,1,3.4411,3.4411,4.0027,5.7178,6,1,6000000,2,1,0,0,0,0,1,0,0,0,0,0,0,0,0,0,0,0,1,0,0,0,2.0,1,1,1256,0
379,1,-0.0027,5.0055,4.9507,7.3726,23,4,19100000,6,0,0,1,0,0,0,0,1,0,0,0,0,0,0,0,0,0,1,1,1,0,2.5,1,1,-1,1828
380,1,0.2219,2.0548,0.0411,3.9178,8,4,3499997,3,0,1,0,0,0,0,0,0,0,1,0,0,0,0,0,1,0,1,0,0,0,1.5,1,1,81,669
381,1,1.2521,1.874,4.7178,5.0959,13,3,2600000,2,1,0,0,0,0,0,0,0,0,0,0,0,0,0,1,0,1,1,0,0,0,3.6667,1,1,457,227
382,1,-0.4466,1.1479,3.0603,3.7479,14,3,2023000,2,1,0,0,0,0,0,1,0,0,0,0,0,0,0,0,0,1,1,0,0,0,1.3333,1,1,-163,582
383,1,5.1068,5.1068,,,3,1,25000000,0,1,0,0,0,0,0,0,0,0,0,0,0,0,0,1,1,0,0,0,0,0,4.0,1,0,1864,0
384,1,0.7205,3.5945,2.8384,4.0192,17,4,66000000,4,1,0,0,0,0,0,0,0,0,0,0,0,0,0,1,1,0,1,1,1,0,2.3333,1,1,263,1049
385,1,1.4192,1.4466,1.663,1.663,5,2,1000000,1,0,1,0,0,0,0,0,0,0,1,0,0,0,0,0,0,1,0,0,0,0,3.5,0,1,518,10
386,1,1.3288,2.063,3.2493,3.7836,11,2,13000000,2,1,0,0,0,0,0,0,1,0,0,0,0,0,0,0,0,0,1,1,0,0,3.0,1,1,485,268
387,0,7.6932,14.0329,12.5041,14.0329,3,3,24150000,2,0,0,1,0,0,1,0,0,0,0,0,0,0,0,0,1,0,1,1,0,0,2.3333,1,1,2808,2314
388,0,5.8411,8.2219,,,4,3,47218498,0,1,0,0,0,0,0,0,0,0,0,0,0,0,0,1,1,0,0,0,1,1,3.3333,1,0,2132,869
389,1,3.6137,4.3753,0.0,7.9178,1,2,11800000,2,0,0,1,0,0,0,0,0,0,0,0,0,0,0,1,0,0,0,0,1,1,4.5,1,1,1319,278
390,0,1.5973,2.1781,0.0822,0.0822,2,2,2387481,1,0,0,0,0,1,0,0,0,0,0,0,0,0,0,1,1,0,0,0,0,0,1.0,1,1,583,212
391,1,0.8356,7.5863,11.589,13.5863,35,4,33000000,5,0,0,1,0,0,0,0,0,0,0,0,0,0,1,0,1,0,1,1,1,0,2.5,1,1,305,2464
392,1,2.6712,3.8822,4.0027,7.3205,4,2,7500000,3,0,0,0,0,1,1,0,0,0,0,0,0,0,0,0,0,0,1,1,0,0,1.5,1,1,975,442
393,1,6.7479,6.7479,4.0027,4.0027,3,1,25000000,1,1,0,0,0,0,0,0,0,0,0,0,0,1,0,0,0,0,0,0,1,0,1.0,1,1,2463,0
394,1,3.7096,8.9562,4.0027,4.0027,7,4,25305000,1,1,0,0,0,0,1,0,0,0,0,0,0,0,0,0,1,0,1,1,1,0,2.0,1,1,1354,1915
395,1,0.8356,1.8986,2.3014,3.8356,21,2,4950000,3,1,0,0,0,0,0,1,0,0,0,0,0,0,0,0,0,1,1,0,0,0,12.5,1,1,305,388
396,1,2.2712,6.3781,,,8,6,53816776,0,1,0,0,0,0,1,0,0,0,0,0,0,0,0,0,1,0,0,1,1,1,5.0,1,0,829,1499
397,1,-0.1671,0.9151,2.674,8.3836,15,2,3500000,4,0,1,0,0,0,0,1,0,0,0,0,0,0,0,0,0,0,1,1,0,0,5.5,1,1,-61,395
398,1,5.0767,5.0767,4.7562,6.0466,7,1,5000000,2,1,0,0,0,0,0,0,0,1,0,0,0,0,0,0,0,0,1,0,0,0,1.0,0,1,1853,0
399,1,0.0,2.5397,3.7699,5.9233,9,3,2515000,3,1,0,0,0,0,0,0,0,0,0,0,0,0,0,1,1,1,1,0,0,0,1.6667,1,1,0,927
400,1,1.0849,2.4986,2.5205,5.0192,10,2,8400000,3,0,0,1,0,0,0,1,0,0,0,0,0,0,0,0,0,0,1,1,0,0,2.0,1,1,396,516
401,0,2.5836,4.0027,2.0301,4.6164,5,2,4900000,3,1,0,0,0,0,0,0,1,0,0,0,0,0,0,0,0,0,1,1,0,0,1.0,1,1,943,518
402,0,4.2959,4.2959,5.0027,5.0027,3,1,5000000,1,0,0,0,0,1,1,0,0,0,0,0,0,0,0,0,1,0,0,0,0,0,5.0,1,1,1568,0
403,1,4.4904,4.4904,,,2,1,11000000,0,0,1,0,0,0,0,0,0,0,0,0,0,0,0,1,0,0,0,0,1,0,3.0,1,0,1639,0
404,1,1.0027,8.2548,,,6,4,68400000,0,1,0,0,0,0,0,0,1,0,0,0,0,0,0,0,1,0,1,0,1,1,4.0,1,0,366,2647
405,1,3.0877,4.2795,3.6356,4.6685,7,2,2000000,2,1,0,0,0,0,1,0,0,0,0,0,0,0,0,0,0,1,1,0,0,0,8.5,1,1,1127,435
406,0,0.6685,1.926,0.0,0.0,2,2,10800000,1,0,1,0,0,0,0,0,0,1,0,0,0,0,0,0,1,0,1,0,0,0,2.0,1,1,244,459
407,1,-0.0219,5.2329,5.7616,7.4877,31,5,37000000,3,0,1,0,0,0,0,0,0,0,0,0,0,0,0,1,1,0,1,1,1,0,2.5,1,1,-8,1918
408,1,2.5233,2.5233,4.0027,9.8849,5,1,7660000,3,1,0,0,0,0,0,0,0,0,0,0,0,0,0,1,0,0,1,0,0,0,6.0,1,1,921,0
409,1,0.3397,5.2247,3.0,6.0329,5,4,48730000,3,0,0,1,0,0,1,0,0,0,0,0,0,0,0,0,1,0,1,1,1,0,3.0,1,1,124,1783
410,0,0.0,1.4137,1.4137,1.4137,1,2,3350000,1,1,0,0,0,0,0,0,0,0,0,0,0,0,0,1,0,1,1,0,0,0,2.5,1,1,0,516
411,0,3.8767,7.1973,2.6658,7.1973,3,4,28000000,2,1,0,0,0,0,0,0,0,0,0,0,1,0,0,0,1,0,0,1,1,0,3.0,1,1,1415,1212
412,1,1.4959,1.4959,2.0849,2.0849,5,1,2500000,1,0,0,0,1,0,0,0,0,0,0,0,0,0,0,1,0,0,1,0,0,0,2.0,1,1,546,0
413,1,0.3315,1.1644,2.0795,9.3507,16,2,8000000,4,0,0,0,0,1,0,1,0,0,0,0,0,0,0,0,0,0,1,1,0,0,4.0,1,1,121,304
414,1,0.5836,1.6521,0.6329,4.263,6,2,540000,2,0,1,0,0,0,0,1,0,0,0,0,0,0,0,0,0,1,0,0,0,0,2.5,1,1,213,390
415,1,0.0,1.2466,1.0,5.4384,4,2,3100000,4,1,0,0,0,0,0,0,0,0,0,1,0,0,0,0,0,1,1,0,0,0,2.0,1,1,0,455
416,1,1.0904,2.326,2.8301,4.6904,8,2,1200000,2,0,1,0,0,0,0,0,1,0,0,0,0,0,0,0,0,1,1,0,0,0,6.0,1,1,398,451
417,0,0.0,0.0,0.1096,0.1096,2,1,5000000,1,0,1,0,0,0,0,0,0,0,0,1,0,0,0,0,0,0,1,0,0,0,2.0,0,1,0,0
418,1,0.6658,7.3753,2.3726,2.3726,6,6,37079000,1,1,0,0,0,0,0,0,0,0,0,0,0,0,0,1,1,0,0,0,1,1,3.8,1,1,243,2449
419,1,4.3315,11.1699,8.7041,8.7068,3,4,135826373,2,0,0,1,0,0,0,0,0,0,0,0,0,0,0,1,0,0,0,1,0,1,4.3333,1,1,1581,2496
420,0,-0.3342,0.2301,,,5,2,5000000,0,1,0,0,0,0,0,0,1,0,0,0,0,0,0,0,1,1,0,0,0,0,1.0,1,0,-122,206
421,1,0.2082,1.0849,0.1616,2.6521,3,4,4200000,3,0,1,0,0,0,1,0,0,0,0,0,0,0,0,0,0,1,1,0,0,0,3.0,1,1,76,320
422,0,3.5808,3.5808,-1.0027,7.5918,3,1,4100000,3,0,0,0,0,1,0,1,0,0,0,0,0,0,0,0,1,0,0,0,0,0,1.0,1,1,1307,0
423,0,0.7726,0.7726,0.3123,1.1479,3,1,2000000,2,1,0,0,0,0,0,1,0,0,0,0,0,0,0,0,0,0,0,0,0,0,1.0,0,1,282,0
424,1,5.0027,5.0027,5.4986,5.4986,3,1,6500000,1,0,0,0,0,1,1,0,0,0,0,0,0,0,0,0,1,0,0,0,0,0,1.0,1,1,1826,0
425,0,1.4521,1.4521,,,0,1,4000000,0,1,0,0,0,0,0,1,0,0,0,0,0,0,0,0,0,0,1,0,0,0,3.0,0,0,530,0
426,0,0.2466,1.0,1.1616,1.1616,3,5,185000,1,1,0,0,0,0,0,0,1,0,0,0,0,0,0,0,1,1,0,0,0,0,2.0,1,1,90,275
427,1,2.6959,2.6959,3.2192,4.0027,5,1,1300000,2,0,0,0,0,1,0,0,1,0,0,0,0,0,0,0,0,0,1,0,0,0,1.0,0,1,984,0
428,1,3.7945,3.7945,,,21,1,45000000,0,0,1,0,0,0,0,0,0,0,1,0,0,0,0,0,0,0,0,1,0,0,1.0,0,0,1385,0
429,1,2.3041,2.3041,-0.3342,2.3589,4,1,2500000,3,0,0,1,0,0,0,0,0,0,0,0,0,0,0,1,0,0,1,0,0,0,2.0,1,1,841,0
430,1,0.5808,2.737,1.9151,4.6603,11,2,9200000,2,0,0,0,1,0,0,1,0,0,0,0,0,0,0,0,0,0,1,1,0,0,1.0,1,1,212,787
431,0,-1.4712,-0.1369999999999999,,,0,4,435953,0,1,0,0,0,0,0,1,0,0,0,0,0,0,0,0,0,1,0,0,0,0,1.0,0,0,-537,487
432,0,-1.0,0.0,-1.5863,0.863,9,2,55600000,2,0,0,0,0,1,0,0,0,0,0,0,0,0,0,1,0,0,1,1,0,0,2.0,0,1,-365,365
433,1,6.263,6.263,1.0,1.0,2,1,10000000,1,0,0,0,0,1,1,0,0,0,0,0,0,0,0,0,1,0,0,0,0,0,1.0,0,1,2286,0
434,0,0.8329,0.8329,0.6658,0.6658,3,1,12000,1,0,0,0,0,1,0,0,0,0,0,1,0,0,0,0,0,1,0,0,0,0,1.0,1,1,304,0
435,0,4.0301,4.0849,,,3,2,2257464,0,0,0,0,0,1,0,0,0,0,0,0,0,1,0,0,1,0,0,0,0,0,1.0,0,0,1471,20
436,1,0.1671,0.5288,0.1671,2.4438,4,2,983000,2,0,1,0,0,0,0,0,0,0,0,0,0,0,0,1,0,1,0,0,0,0,6.0,1,1,61,132
437,1,1.4466,2.5068,2.5014,3.6411,15,2,41000000,2,1,0,0,0,0,0,0,0,0,0,0,0,0,0,1,0,0,0,1,1,0,1.5,1,1,528,387
438,0,3.6685,5.5589,,,0,3,9100000,0,0,0,0,1,0,1,0,0,0,0,0,0,0,0,0,1,0,0,1,1,0,1.0,0,0,1339,690
439,0,2.4438,7.1973,-2.0575,6.8767,6,3,25500100,3,1,0,0,0,0,1,0,0,0,0,0,0,0,0,0,1,0,0,1,0,0,2.5,1,1,892,1735
440,1,0.2959,0.2959,1.5863,1.6658,3,1,400000,2,1,0,0,0,0,0,1,0,0,0,0,0,0,0,0,0,1,0,0,0,0,1.0,1,1,108,0
441,1,4.737,8.3479,,,4,10,22165091,0,0,1,0,0,0,0,0,0,0,0,0,0,0,0,1,1,0,0,1,0,0,2.0,1,0,1729,1318
442,1,0.1671,0.1671,0.6712,3.3151,4,1,500000,2,1,0,0,0,0,0,0,0,0,0,0,0,0,0,1,0,0,1,0,0,0,4.0,1,1,61,0
443,1,0.6629999999999999,5.8849,6.211,8.6082,29,5,70000000,4,1,0,0,0,0,0,1,0,0,0,0,0,0,0,0,0,0,1,1,1,1,2.8,1,1,242,1906
444,1,1.2603,3.1781,2.8411,2.8411,6,2,4700000,1,0,0,0,0,1,0,0,0,0,0,0,0,0,0,1,1,0,1,0,0,0,1.0,1,1,460,700
445,1,2.0055,2.0055,0.0,0.0,1,1,30000000,1,0,0,1,0,0,0,0,0,0,0,0,1,0,0,0,1,0,0,0,0,0,2.0,1,1,732,0
446,1,2.0658,9.3836,7.0055,7.0055,13,5,39000000,1,0,0,1,0,0,1,0,0,0,0,0,0,0,0,0,0,0,0,1,1,1,3.25,1,1,754,2671
447,1,6.4356,9.0,10.0082,10.0082,10,3,32000000,1,1,0,0,0,0,0,0,0,0,0,0,0,0,0,1,0,0,0,0,0,1,3.0,1,1,2349,936
448,1,0.1151,1.1507,,,7,3,42000000,0,0,0,1,0,0,0,0,0,0,1,0,0,0,0,0,0,0,1,1,1,0,2.6667,1,0,42,378
449,1,4.3726,9.3616,4.0027,9.3616,5,3,24510540,2,1,0,0,0,0,0,0,0,1,0,0,0,0,0,0,1,0,1,1,0,0,2.6667,1,1,1596,1821
450,0,5.6548,5.6548,,,0,1,2500000,0,1,0,0,0,0,1,0,0,0,0,0,0,0,0,0,1,0,0,0,0,0,2.0,1,0,2064,0
451,1,3.6027,7.926,8.5945,9.1096,1,3,21460663,2,0,0,0,0,1,1,0,0,0,0,0,0,0,0,0,0,0,0,1,1,1,4.5,1,1,1315,1578
452,1,5.3507,5.3507,,,6,1,15000000,0,0,1,0,0,0,0,0,0,0,0,1,0,0,0,0,0,0,0,0,1,0,4.0,1,0,1953,0
453,0,1.4137,4.2795,1.3288,5.1836,5,2,889999,2,1,0,0,0,0,0,0,1,0,0,0,0,0,0,0,1,1,0,0,0,0,3.5,1,1,516,1046
454,1,4.2219,4.2219,3.0,3.0,6,1,16000000,1,1,0,0,0,0,1,0,0,0,0,0,0,0,0,0,0,0,0,1,0,0,3.0,1,1,1541,0
455,1,2.4192,2.4192,2.5041,8.3973,5,1,7000000,4,1,0,0,0,0,0,1,0,0,0,0,0,0,0,0,0,0,0,1,0,0,2.0,1,1,883,0
456,0,0.7479,0.7479,,,3,2,100000,0,0,1,0,0,0,0,0,0,0,1,0,0,0,0,0,0,1,0,0,0,0,1.0,0,0,273,0
457,1,1.9041,1.9041,1.9041,4.0027,13,1,1500000,3,0,1,0,0,0,0,0,0,0,0,0,0,0,0,1,0,0,1,0,0,0,1.0,0,1,695,0
458,1,6.0356,6.0356,10.4959,12.6137,19,1,8000000,4,0,0,0,0,1,0,1,0,0,0,0,0,0,0,0,1,0,0,0,0,0,1.0,1,1,2203,0
459,1,0.2521,0.7425,4.2082,6.3479,22,2,4000000,4,1,0,0,0,0,0,1,0,0,0,0,0,0,0,0,0,0,1,1,0,0,3.0,1,1,92,179
460,0,0.0164,0.0164,,,3,1,25000,0,1,0,0,0,0,0,1,0,0,0,0,0,0,0,0,0,1,0,0,0,0,1.0,0,0,6,0
461,1,2.4301,9.0055,8.5781,10.0137,10,6,64630000,3,1,0,0,0,0,0,0,1,0,0,0,0,0,0,0,1,0,0,1,1,0,3.6667,1,1,887,2400
462,0,1.0,3.6493,3.4986,3.4986,10,2,12100000,1,1,0,0,0,0,0,1,0,0,0,0,0,0,0,0,0,0,1,1,0,0,1.0,1,1,365,967
463,1,4.2192,5.6110000000000015,5.0027,5.0027,9,2,20000000,1,1,0,0,0,0,1,0,0,0,0,0,0,0,0,0,0,0,0,0,1,1,4.5,1,1,1540,508
464,0,2.0301,9.3808,9.0055,9.0055,10,4,49600000,1,0,0,0,1,0,0,0,0,0,0,0,0,0,0,1,0,0,0,1,1,0,2.6667,1,1,741,2683
465,1,7.5123,9.9479,0.4164,0.4164,3,5,51450000,1,1,0,0,0,0,0,0,0,0,0,1,0,0,0,0,1,0,0,0,0,1,5.6667,1,1,2742,889
466,1,-0.1808,2.5178,4.6904,4.6904,7,2,6300000,1,1,0,0,0,0,0,0,0,0,0,0,0,0,0,1,0,0,1,1,0,0,2.0,1,1,-66,985
467,0,2.0,2.0,1.0274,3.1644,8,1,200000,3,0,1,0,0,0,0,0,1,0,0,0,0,0,0,0,0,1,0,0,0,0,2.0,1,1,730,0
468,0,0.0,0.0,0.0,0.0,2,1,20000,1,0,0,0,0,1,0,0,0,0,0,0,0,0,0,1,0,1,0,0,0,0,1.0,0,1,0,0
469,1,0.0,3.3945,6.9781,9.2192,13,2,11600000,3,0,0,1,0,0,0,0,0,0,0,0,0,0,0,1,0,0,1,0,1,0,2.0,1,1,0,1239
470,1,0.1205,0.1205,-0.2438,5.263,6,1,9150000,2,1,0,0,0,0,0,1,0,0,0,0,0,0,0,0,0,0,1,0,0,0,2.0,1,1,44,0
471,0,0.2849,0.2849,0.0,0.2849,2,1,1200000,2,0,0,0,0,1,0,0,0,0,1,0,0,0,0,0,0,0,1,0,0,0,4.0,1,1,104,0
472,0,1.8301,1.8301,1.1616,1.1616,4,1,1700000,2,1,0,0,0,0,0,0,0,0,0,0,0,0,0,1,0,0,0,0,0,0,7.0,1,1,668,0
473,1,0.5808,2.5123,0.5918,4.9699,9,3,1415000,4,1,0,0,0,0,0,0,0,0,0,0,0,0,0,1,1,1,0,0,0,0,1.0,1,1,212,705
474,1,1.0849,3.1342,5.9178,7.9342,16,2,4200000,2,1,0,0,0,0,0,0,0,1,0,0,0,0,0,0,0,0,1,1,0,0,1.5,1,1,396,748
475,1,0.9151,1.6356,4.8521,6.0904,7,2,500000,2,0,0,1,0,0,0,1,0,0,0,0,0,0,0,0,0,1,1,0,0,0,2.0,0,1,334,263
476,1,5.9507,5.9507,,,1,1,21500000,0,0,0,0,1,0,0,0,0,0,0,0,0,0,0,1,0,0,0,0,1,0,4.0,1,0,2172,0
477,1,0.0411,1.5863,2.2795,4.3918,4,2,10000000,2,0,0,0,0,1,0,1,0,0,0,0,0,0,0,0,0,0,1,0,0,0,2.0,0,1,15,564
478,0,1.0877,2.5616,4.0027,4.0027,7,2,9500000,1,1,0,0,0,0,1,0,0,0,0,0,0,0,0,0,0,0,1,1,0,0,2.5,1,1,397,538
479,0,2.9808,5.211,,,4,2,13875001,0,0,0,0,0,1,0,0,0,0,0,0,0,0,0,1,0,0,0,0,0,0,10.0,1,0,1088,814
480,0,10.9068,10.9068,9.2548,9.2548,5,1,275000,1,0,0,0,0,1,1,0,0,0,0,0,0,0,0,0,0,1,0,0,0,0,2.0,0,1,3981,0
481,1,0.0849,5.0356,1.8329,1.8329,10,3,19743770,1,1,0,0,0,0,1,0,0,0,0,0,0,0,0,0,0,0,0,1,1,0,2.5,1,1,31,1807
482,1,2.0849,4.0192,2.5041,2.5041,5,5,1178000,1,0,0,1,0,0,1,0,0,0,0,0,0,0,0,0,0,1,0,0,0,0,5.0,1,1,761,706
483,1,0.7479,2.7945,2.0575,3.8356,5,3,25000000,2,1,0,0,0,0,0,0,0,0,0,0,0,0,0,1,0,0,1,1,0,0,2.0,1,1,273,747
484,1,1.5863,3.1808,,,1,3,24150000,0,0,0,0,0,1,0,0,0,0,0,0,0,0,0,1,1,0,1,1,0,0,2.0,1,0,579,582
485,0,1.7479,3.5452,2.0,2.0,4,2,80000000,1,1,0,0,0,0,0,0,1,0,0,0,0,0,0,0,0,0,1,1,0,0,1.0,0,1,638,656
486,1,1.4164,3.326,4.4192,9.8164,11,2,36000000,3,1,0,0,0,0,0,0,0,0,0,0,0,0,0,1,0,0,1,1,0,0,3.5,1,1,517,697
487,0,1.3973,1.3973,,,1,1,205000,0,0,0,0,0,1,0,0,0,0,0,0,0,0,0,1,0,1,0,0,0,0,1.0,0,0,510,0
488,1,-0.0438,4.211,6.4164,9.0658,27,4,28300000,4,1,0,0,0,0,0,1,0,0,0,0,0,0,0,0,0,0,1,1,1,1,2.5,1,1,-16,1553
489,0,-1.1836,-1.1836,0.8301,0.8301,1,1,2000000,1,1,0,0,0,0,0,1,0,0,0,0,0,0,0,0,0,0,0,0,0,0,1.0,0,1,-432,0
490,1,0.7479,1.1616,2.4,8.8384,63,2,11500000,6,1,0,0,0,0,0,0,0,0,0,1,0,0,0,0,0,0,1,1,0,0,1.0,1,1,273,151
491,0,0.8904,0.8904,1.3288,2.526,15,1,4000000,2,0,1,0,0,0,0,0,1,0,0,0,0,0,0,0,0,0,1,0,0,0,3.0,1,1,325,0
492,0,0.7151,0.7151,0.7479,2.011,2,1,500000,2,0,1,0,0,0,0,0,0,0,0,0,1,0,0,0,0,1,0,0,0,0,1.0,1,1,261,0
493,0,0.7425,0.7425,1.1671,3.9151,9,1,4000000,2,0,0,0,1,0,0,0,0,0,0,0,0,0,0,1,0,0,1,0,0,0,2.0,1,1,271,0
494,0,0.0,2.4274,2.4274,2.4986,8,2,9030000,2,0,1,0,0,0,0,1,0,0,0,0,0,0,0,0,0,1,1,0,0,0,4.0,1,1,0,886
495,1,0.0658,4.3863,,,15,4,69900000,0,0,0,0,0,1,0,0,0,0,0,0,0,1,0,0,0,1,1,0,1,1,4.75,1,0,24,1577
496,0,0.6658,0.6658,0.4192,0.4192,2,1,20000,1,1,0,0,0,0,0,0,0,0,0,0,0,0,0,1,0,1,0,0,0,0,1.0,0,1,243,0
497,1,3.6384,11.9041,10.9836,12.6822,29,7,238209999,3,0,0,0,0,1,1,0,0,0,0,0,0,0,0,0,1,0,0,0,0,0,2.0,1,1,1328,3017
498,1,3.1014,6.7342,4.0027,6.7342,3,3,14700000,2,0,0,1,0,0,0,0,0,0,0,0,0,0,0,1,1,0,0,1,0,0,1.0,0,1,1132,1326
499,1,-0.1288,0.8712,-0.5863,1.2137,4,3,430000,2,1,0,0,0,0,0,0,0,0,0,1,0,0,0,0,0,1,0,0,0,0,1.6667,0,1,-47,365
500,1,1.337,1.4219,0.5863,0.5863,5,2,1015000,1,1,0,0,0,0,0,0,0,1,0,0,0,0,0,0,1,0,1,0,0,0,1.0,0,1,488,31
501,0,0.4438,0.4438,0.8192,0.8192,2,1,1200000,1,1,0,0,0,0,0,1,0,0,0,0,0,0,0,0,1,0,0,0,0,0,2.0,1,1,162,0
502,1,1.8301,3.3288,3.274,7.6274,16,2,17100000,4,0,0,0,0,1,0,1,0,0,0,0,0,0,0,0,0,0,1,1,0,0,2.5,1,1,668,547
503,1,4.6767,4.6767,5.9671,5.9671,0,1,50000000,1,0,0,0,0,1,0,1,0,0,0,0,0,0,0,0,1,0,0,0,0,0,4.0,1,1,1707,0
504,0,0.6548,0.6548,,,3,1,900000,0,1,0,0,0,0,1,0,0,0,0,0,0,0,0,0,0,0,1,0,0,0,1.0,1,0,239,0
505,0,16.9863,16.9863,16.663,18.3233,7,1,6000000,2,1,0,0,0,0,0,0,0,0,0,0,0,0,0,1,0,0,1,0,0,0,1.0,1,1,6200,0
506,1,0.7479,7.0904,8.0055,9.874,5,2,15100000,3,0,1,0,0,0,0,0,0,0,1,0,0,0,0,0,0,1,1,0,0,0,1.0,0,1,273,2315
507,1,1.0,8.8795,4.0027,9.1863,7,5,62600000,2,1,0,0,0,0,0,0,0,0,0,0,0,0,0,1,1,0,1,1,1,1,9.3333,1,1,365,2876
508,1,1.8575,4.6027,3.9178,6.4301,15,4,14800000,3,1,0,0,0,0,0,0,1,0,0,0,0,0,0,0,1,0,0,1,1,0,2.25,1,1,678,1002
509,1,0.0411,3.1425,1.8466,4.4877,30,2,6875000,5,1,0,0,0,0,0,1,0,0,0,0,0,0,0,0,1,0,1,0,0,0,7.0,1,1,15,1132
510,0,0.8712,0.8712,,,1,1,30000,0,0,0,0,1,0,1,0,0,0,0,0,0,0,0,0,0,1,0,0,0,0,1.0,0,0,318,0
511,0,6.263,6.263,6.0055,6.0055,10,1,22200000,1,1,0,0,0,0,0,0,0,0,0,0,0,0,0,1,0,0,0,0,0,0,9.0,1,1,2286,0
512,1,0.2055,0.4329,0.4685,2.9507,6,2,415000,2,0,0,0,0,1,0,0,0,0,0,0,0,0,0,1,0,1,0,0,0,0,1.0,1,1,75,83
513,1,-0.1616,3.8329,3.0027,4.7014,16,4,27063781,4,0,1,0,0,0,0,1,0,0,0,0,0,0,0,0,0,0,1,1,1,0,3.5,1,1,-59,1458
514,1,3.0877,3.0877,5.0027,5.0027,6,1,3100000,1,1,0,0,0,0,0,0,0,0,1,0,0,0,0,0,0,0,1,0,0,0,5.0,1,1,1127,0
515,0,2.1616,3.2877,3.4986,7.6904,13,2,33000000,4,0,0,0,0,0,0,0,0,0,0,0,0,0,0,1,0,0,1,1,0,0,2.5,1,1,789,411
516,1,2.7753,5.0027,4.1644,10.7534,2,3,17400000,2,1,0,0,0,0,0,1,0,0,0,0,0,0,0,0,1,0,0,0,1,0,5.0,1,1,1013,813
517,1,0.0,3.3863,5.3973,8.7123,17,5,28300000,4,1,0,0,0,0,0,1,0,0,0,0,0,0,0,0,0,1,1,1,1,1,2.0,1,1,0,1236
518,1,-0.2493,2.1644,1.411,6.537000000000001,42,4,46800000,6,1,0,0,0,0,0,0,0,0,1,0,0,0,0,0,0,0,1,1,1,0,2.5,1,1,-91,881
519,1,1.3288,2.0301,2.0,2.0301,5,3,1525000,2,0,0,0,0,1,0,0,0,0,0,0,1,0,0,0,0,1,0,0,0,0,2.6667,1,1,485,256
520,1,0.3397,0.3397,0.5452,1.7151,9,1,1200000,3,0,1,0,0,0,0,0,0,0,0,0,0,0,0,1,0,1,0,0,0,0,5.0,1,1,124,0
521,1,0.1781,4.0301,3.674,7.2438,6,3,12400000,4,1,0,0,0,0,0,1,0,0,0,0,0,0,0,0,1,0,1,1,0,0,1.6667,1,1,65,1406
522,0,4.5863,4.5863,,,1,1,100000,0,0,0,0,0,1,0,0,0,0,0,0,0,1,0,0,1,0,0,0,0,0,1.0,1,0,1674,0
523,1,2.2219,7.3288,7.0055,7.0055,4,3,11000000,1,1,0,0,0,0,1,0,0,0,0,0,0,0,0,0,1,1,0,1,0,0,1.6667,1,1,811,1864
524,1,1.3397,2.2795,1.0,1.0,3,2,675000,1,0,0,0,0,1,0,1,0,0,0,0,0,0,0,0,0,1,0,0,0,0,1.5,0,1,489,343
525,1,0.0,2.3863,,,5,2,13000000,0,1,0,0,0,0,1,0,0,0,0,0,0,0,0,0,0,0,1,1,0,0,2.5,1,0,0,871
526,1,0.7479,0.7479,1.0329,2.4986,5,1,3500000,2,0,1,0,0,0,0,0,0,0,0,0,0,0,0,1,0,0,0,0,0,0,2.0,1,1,273,0
527,0,4.9342,4.9342,0.0,0.0,2,1,12000000,1,0,0,1,0,0,0,0,0,0,0,0,0,0,0,1,0,0,0,0,1,0,4.0,1,1,1801,0
528,1,0.5808,4.8521,0.9068,5.4164,10,5,78573646,4,1,0,0,0,0,0,0,0,0,0,1,0,0,0,0,0,0,1,1,1,0,4.3333,1,1,212,1559
529,1,0.4521,6.0822,3.7425,3.7425,2,3,15286415,1,0,0,0,0,1,0,0,0,0,0,0,0,0,0,1,0,0,1,0,0,0,1.0,0,1,165,2055
530,1,0.7123,0.7123,1.5836,3.0027,5,1,3200000,3,1,0,0,0,0,0,1,0,0,0,0,0,0,0,0,0,0,1,0,0,0,1.0,1,1,260,0
531,0,0.0164,0.0164,0.0,0.0,1,1,30000,1,0,0,0,0,1,0,0,0,0,1,0,0,0,0,0,0,1,0,0,0,0,2.0,0,1,6,0
532,1,0.0,10.8192,9.5863,9.5863,28,3,14650003,1,1,0,0,0,0,1,0,0,0,0,0,0,0,0,0,0,1,0,0,0,1,1.0,0,1,0,3949
533,1,3.1589,5.6712,9.0055,9.0055,9,2,23500000,1,1,0,0,0,0,1,0,0,0,0,0,0,0,0,0,1,0,0,1,0,0,5.0,1,1,1153,917
534,0,5.0082,5.0082,,,2,1,980000,0,0,0,1,0,0,1,0,0,0,0,0,0,0,0,0,0,0,0,0,0,0,1.0,0,0,1828,0
535,0,3.1562,3.1562,,,0,1,20000000,0,1,0,0,0,0,0,0,0,0,0,0,0,0,0,1,0,0,0,1,0,0,3.0,1,0,1152,0
536,0,-0.9178,-0.9178,,,4,1,1500000,0,0,0,0,0,1,0,1,0,0,0,0,0,0,0,0,0,0,0,0,0,0,3.0,0,0,-335,0
537,1,4.1753,5.537000000000001,6.3836,6.3836,0,2,8000000,1,1,0,0,0,0,0,0,0,0,0,1,0,0,0,0,0,0,1,0,0,0,1.5,1,1,1524,497
538,1,0.326,4.6932,3.2548,4.6932,13,4,25200000,3,1,0,0,0,0,1,0,0,0,0,0,0,0,0,0,0,0,1,1,1,1,4.0,1,1,119,1594
539,1,2.7507,4.589,7.9205,9.211,21,4,61000000,2,1,0,0,0,0,1,0,0,0,0,0,0,0,0,0,0,0,1,1,1,0,3.0,1,1,1004,671
540,1,1.337,4.3041,2.0822,5.8356,12,4,46300000,4,1,0,0,0,0,0,0,0,0,0,1,0,0,0,0,1,0,1,1,1,0,4.25,1,1,488,1083
541,1,4.0274,8.2712,5.811,11.0986,15,4,24500000,5,0,0,0,0,1,1,0,0,0,0,0,0,0,0,0,0,0,0,1,1,1,4.3333,1,1,1470,1549
542,0,0.9863,1.6575,-1.3342,-1.3342,1,2,7500000,1,1,0,0,0,0,0,0,0,0,0,1,0,0,0,0,0,0,1,0,0,0,1.0,0,1,360,245
543,1,3.2493,3.2493,3.8356,7.8959,19,1,14500000,3,1,0,0,0,0,0,0,0,1,0,0,0,0,0,0,0,0,0,0,1,0,9.0,1,1,1186,0
544,0,2.6493,2.6493,1.0,1.0,1,1,29000000,1,0,0,0,0,1,0,0,0,0,0,1,0,0,0,0,1,0,0,0,0,0,5.0,1,1,967,0
545,1,0.0,3.3808,5.6795,5.6795,5,3,24000000,1,1,0,0,0,0,0,0,0,0,0,0,0,0,0,1,0,0,1,1,1,0,2.6667,1,1,0,1234
546,1,5.3562,10.2082,8.0055,8.0055,2,4,81017493,1,1,0,0,0,0,0,0,0,0,0,0,0,0,0,1,1,0,0,0,1,1,5.6667,1,1,1955,1771
547,1,1.8493,2.1726,2.1699,5.0822,4,2,1000000,3,1,0,0,0,0,0,0,0,0,0,0,0,0,0,1,0,1,0,0,0,0,4.5,1,1,675,118
548,1,1.1014,1.8712,2.6466,2.6959,14,2,12010000,2,0,0,0,0,1,1,0,0,0,0,0,0,0,0,0,1,0,1,0,0,0,2.5,1,1,402,281
549,1,3.7562,3.7562,-1.0,8.674,2,1,22000000,3,0,0,1,0,0,0,0,1,0,0,0,0,0,0,0,0,0,0,0,1,0,4.0,1,1,1371,0
550,0,8.4493,8.4493,,,1,1,42700000,0,1,0,0,0,0,0,0,0,0,0,0,0,1,0,0,0,0,0,1,0,0,3.0,1,0,3084,0
551,1,5.9753,7.3918,4.0027,4.0027,5,3,80000000,1,1,0,0,0,0,1,0,0,0,0,0,0,0,0,0,1,0,0,0,0,1,4.0,1,1,2181,517
552,1,1.1589,1.1589,-0.0658,2.9616,3,1,205000,3,1,0,0,0,0,0,1,0,0,0,0,0,0,0,0,0,1,0,0,0,0,7.0,1,1,423,0
553,1,1.7644,1.7644,0.0,3.0849,5,1,3750000,2,0,1,0,0,0,0,0,0,0,0,0,0,0,0,1,0,0,1,0,0,0,1.0,1,1,644,0
554,0,0.0,0.6411,1.5836,3.0685,11,2,41000000,2,1,0,0,0,0,0,0,0,0,0,0,0,0,0,1,0,0,1,1,0,0,1.5,1,1,0,234
555,1,1.7781,2.3863,2.3123,4.6301,37,2,76000000,3,1,0,0,0,0,0,0,0,0,0,1,0,0,0,0,0,0,1,0,0,0,4.0,1,1,649,222
556,1,0.0,2.7507,3.3315,5.2438,9,2,20000000,2,0,0,1,0,0,0,0,0,1,0,0,0,0,0,0,0,0,1,1,0,0,1.0,1,1,0,1004
557,1,1.2877,3.8521,1.3945,4.2356,11,2,9356180,4,1,0,0,0,0,0,0,0,0,0,0,0,0,0,1,0,0,1,1,0,0,1.5,1,1,470,936
558,0,-9.0466,-9.0466,-6.0466,-3.8822,6,1,100000,2,0,1,0,0,0,0,0,0,0,1,0,0,0,0,0,0,1,0,0,0,0,1.0,0,1,-3302,0
559,1,2.0767,4.6603,4.5836,4.726,9,2,13600000,2,0,0,0,0,1,1,0,0,0,0,0,0,0,0,0,0,0,0,1,1,0,3.0,1,1,758,943
560,1,1.1671,1.1671,1.926,4.0137,19,1,3000000,4,1,0,0,0,0,0,0,0,0,1,0,0,0,0,0,0,0,1,0,0,0,2.0,1,1,426,0
561,0,1.874,6.4767,,,4,5,21138876,0,1,0,0,0,0,0,0,0,0,1,0,0,0,0,0,1,0,1,1,0,0,2.0,1,0,684,1680
562,1,0.1945,0.7836,1.211,2.3836,13,4,2345000,3,0,0,1,0,0,0,0,0,1,0,0,0,0,0,0,0,1,1,0,0,0,5.75,1,1,71,215
563,0,0.7945,0.7945,2.0466,3.326,7,1,4000000,4,1,0,0,0,0,0,1,0,0,0,0,0,0,0,0,0,0,1,0,0,0,1.0,0,1,290,0
564,0,3.811,5.1781,1.7507,3.589,2,2,17000000,2,1,0,0,0,0,1,0,0,0,0,0,0,0,0,0,1,0,0,0,1,0,3.0,1,1,1391,499
565,1,1.8,1.8,1.9151,1.9151,8,1,1100000,1,0,1,0,0,0,0,1,0,0,0,0,0,0,0,0,0,1,0,0,0,0,8.0,1,1,657,0
566,1,-0.2384,0.8493,0.9014,0.9014,3,4,59700,1,0,0,0,0,1,1,0,0,0,0,0,0,0,0,0,0,1,0,0,0,0,1.0,1,1,-87,397
567,1,-0.0082,-0.0082,2.9726,3.7041,12,1,2350000,3,1,0,0,0,0,0,0,0,1,0,0,0,0,0,0,0,0,1,0,0,0,2.0,1,1,-3,0
568,0,1.8822,1.8822,1.0,1.0,2,1,10000000,1,0,0,0,0,1,1,0,0,0,0,0,0,0,0,0,0,0,1,0,0,0,2.0,1,1,687,0
569,0,0.6767,1.4493,0.0,0.0,2,2,21189,1,1,0,0,0,0,0,0,1,0,0,0,0,0,0,0,1,1,0,0,0,0,1.0,1,1,247,282
570,1,2.4521,5.1562,7.6712,8.2219,7,3,28000000,2,0,0,1,0,0,1,0,0,0,0,0,0,0,0,0,0,0,1,1,1,0,2.6667,1,1,895,987
571,0,3.3315,3.3315,,,0,1,9500000,0,1,0,0,0,0,1,0,0,0,0,0,0,0,0,0,1,0,0,0,0,0,2.0,0,0,1216,0
572,1,1.7479,5.5616,2.2548,2.2548,5,3,69600000,1,1,0,0,0,0,0,0,0,0,0,0,0,0,0,1,1,0,0,1,0,1,7.6667,1,1,638,1392
573,1,2.6822,6.4164,2.8411,7.2356,11,3,23500000,2,0,0,0,0,1,0,0,1,0,0,0,0,0,0,0,1,0,0,1,1,0,3.6667,1,1,979,1363
574,1,4.4712,4.4712,6.7534,6.7534,6,1,13000000,1,0,0,0,0,1,1,0,0,0,0,0,0,0,0,0,0,0,0,0,0,1,4.0,1,1,1632,0
575,1,1.5616,3.1562,3.0,3.4959,8,2,21750000,2,0,1,0,0,0,0,0,0,0,0,1,0,0,0,0,1,0,0,1,0,0,2.0,1,1,570,582
576,0,5.1644,5.1644,,,0,1,5750000,0,0,0,0,0,1,0,0,0,0,0,0,0,0,0,1,0,0,0,0,1,0,4.0,1,0,1885,0
577,1,0.7342,1.1753,0.1616,0.1616,1,2,23400000,1,0,0,0,0,1,1,0,0,0,0,0,0,0,0,0,0,0,1,1,0,0,2.5,1,1,268,161
578,0,1.0685,1.0685,0.8384,3.9918,4,1,4300000,3,1,0,0,0,0,0,0,0,0,1,0,0,0,0,0,0,0,1,0,0,0,2.0,1,1,390,0
579,1,2.2082,4.6521,-0.6548,-0.6548,1,2,20000000,1,0,0,0,1,0,0,0,0,0,0,0,0,0,0,1,1,0,0,0,1,0,2.0,1,1,806,892
580,1,4.2356,9.3616,5.0055,5.0055,16,2,51000000,1,1,0,0,0,0,0,0,0,0,0,0,0,1,0,0,0,0,0,0,1,0,3.5,1,1,1546,1871
581,1,3.6877,10.137,3.0027,3.0027,2,4,27101994,1,0,0,1,0,0,0,0,0,1,0,0,0,0,0,0,1,0,0,1,0,0,4.6667,1,1,1346,2354
582,1,5.1507,5.1507,4.0027,4.0027,6,1,6480000,1,1,0,0,0,0,0,0,0,0,0,0,0,0,0,1,0,0,0,0,0,1,3.0,1,1,1880,0
583,1,0.4192,2.2329,2.2329,4.337,8,2,35000000,2,1,0,0,0,0,0,0,0,1,0,0,0,0,0,0,0,0,1,1,0,0,2.5,1,1,153,662
584,0,-3.5068,0.3945,-0.937,0.0849,5,3,11300000,2,0,0,1,0,0,0,1,0,0,0,0,0,0,0,0,1,0,0,1,1,0,1.0,1,1,-1280,1424
585,0,0.2986,0.2986,0.2986,0.2986,1,1,19000,1,0,0,0,0,1,0,0,0,0,0,0,1,0,0,0,0,1,0,0,0,0,1.0,0,1,109,0
586,1,1.6658,5.3014,5.8356,8.3534,27,6,78500000,3,0,0,0,0,1,0,0,0,0,0,0,1,0,0,0,0,0,1,1,1,1,3.4,1,1,608,1327
587,0,0.1534,0.1534,,,4,1,600000,0,0,1,0,0,0,0,1,0,0,0,0,0,0,0,0,0,1,0,0,0,0,2.0,0,0,56,0
588,1,5.4932,6.5836,6.7534,6.7534,3,2,13000000,1,0,0,0,0,1,0,0,0,0,0,0,0,0,0,1,0,0,1,1,0,0,1.5,1,1,2005,398
589,0,0.0,2.8356,2.9205,4.3096,7,5,43600000,3,1,0,0,0,0,0,0,0,0,0,0,0,0,0,1,0,0,1,1,1,1,3.0,1,1,0,1035
590,1,0.3589,3.4712,3.3397,5.1918,38,5,142000000,3,1,0,0,0,0,0,0,0,1,0,0,0,0,0,0,0,0,1,1,1,1,5.2,1,1,131,1136
591,1,2.1836,3.3068,2.7260000000000004,3.5425,6,2,2000000,2,1,0,0,0,0,0,1,0,0,0,0,0,0,0,0,1,0,1,0,0,0,1.5,1,1,797,410
592,1,2.0,4.0466,6.0027,6.0027,4,3,26800000,1,0,0,0,1,0,1,0,0,0,0,0,0,0,0,0,0,0,1,1,1,0,3.0,1,1,730,747
593,0,1.2904,6.388999999999999,0.0,0.0,2,6,55900000,1,1,0,0,0,0,0,0,0,0,0,0,0,0,0,1,1,0,1,1,1,0,3.2,1,1,471,1861
594,1,1.6027,2.8137,3.4301,7.411,14,2,11000000,3,1,0,0,0,0,0,0,1,0,0,0,0,0,0,0,0,0,1,1,0,0,2.0,1,1,585,442
595,1,0.4137,2.474,3.0,3.0,19,3,31500000,1,1,0,0,0,0,0,0,0,1,0,0,0,0,0,0,0,0,1,1,1,0,3.3333,1,1,151,752
596,1,3.3863,3.3863,-0.0301,4.4274,4,1,1500000,2,0,0,0,0,1,0,0,0,1,0,0,0,0,0,0,1,0,0,0,0,0,2.0,0,1,1236,0
597,0,0.0082,1.1479,-0.0219,1.2274,5,3,900000,3,0,1,0,0,0,0,0,0,0,0,0,0,0,0,1,0,1,0,0,0,0,1.5,1,1,3,416
598,1,1.4603,6.3918,6.4192,6.4192,4,3,58000000,1,1,0,0,0,0,0,0,0,0,0,0,0,1,0,0,0,0,1,1,1,0,5.0,1,1,533,1800
599,1,0.4959,4.9671,1.0,4.5123,10,4,29050000,2,0,0,1,0,0,1,0,0,0,0,0,0,0,0,0,1,0,0,1,0,0,2.6667,1,1,181,1632
600,1,0.7589,2.4521,2.1644,2.9014,3,2,250000,2,0,0,0,0,1,0,0,0,0,0,0,0,0,0,1,0,1,0,0,0,0,1.5,1,1,277,618
601,0,3.6493,3.6493,,,2,1,21000000,0,1,0,0,0,0,1,0,0,0,0,0,0,0,0,0,0,0,0,0,1,0,4.0,1,0,1332,0
602,1,4.1671,7.4356,,,25,2,35000000,0,0,1,0,0,0,0,0,0,0,1,0,0,0,0,0,1,0,1,0,0,0,3.5,1,0,1521,1193
603,0,-0.0027,-0.0027,0.0356,0.0356,2,1,500000,1,1,0,0,0,0,0,1,0,0,0,0,0,0,0,0,0,1,0,0,0,0,1.0,0,1,-1,0
604,1,5.6110000000000015,6.474,4.0027,4.0027,3,2,30920000,1,0,0,0,1,0,0,0,0,0,0,0,0,0,0,1,1,0,0,0,0,0,3.5,1,1,2048,315
605,1,2.0,8.0356,6.5863,6.5863,9,4,29288979,1,1,0,0,0,0,1,0,0,0,0,0,0,0,0,0,1,0,1,1,1,0,2.6667,1,1,730,2203
606,0,8.0986,12.3671,11.8411,12.0548,11,4,24200000,2,0,0,1,0,0,1,0,0,0,0,0,0,0,0,0,1,0,1,0,1,0,2.3333,1,1,2956,1558
607,1,1.0,1.0,1.2521,5.2548,4,1,1000000,3,1,0,0,0,0,0,1,0,0,0,0,0,0,0,0,0,0,1,0,0,0,1.0,0,1,365,0
608,1,1.0,3.0575,5.4192,5.4192,3,2,5550000,1,0,0,0,0,1,0,1,0,0,0,0,0,0,0,0,0,1,1,0,0,0,1.0,1,1,365,751
609,0,-0.1534,2.3425,0.063,1.5836,8,2,3000000,3,1,0,0,0,0,0,0,1,0,0,0,0,0,0,0,0,1,1,0,0,0,3.5,1,1,-56,911
610,1,0.6767,1.9178,4.9781,6.6548,13,2,14300000,3,1,0,0,0,0,0,1,0,0,0,0,0,0,0,0,0,0,1,1,0,0,4.5,1,1,247,453
611,0,4.2192,4.2192,,,0,1,1000000,0,1,0,0,0,0,0,0,0,0,0,0,0,0,0,1,1,0,0,0,0,0,2.0,0,0,1540,0
612,1,2.5644,3.389,8.1452,8.1452,7,2,11000000,1,1,0,0,0,0,1,0,0,0,0,0,0,0,0,0,1,0,0,1,0,0,1.5,1,1,936,301
613,0,2.0027,3.0027,2.0877,4.0685,7,2,2000000,3,0,1,0,0,0,0,0,0,0,0,0,0,0,0,1,1,1,0,0,0,0,3.0,0,1,731,365
614,1,0.8301,2.7178,4.2466,4.7918,17,2,5000000,2,1,0,0,0,0,0,1,0,0,0,0,0,0,0,0,1,1,0,0,0,0,1.0,1,1,303,689
615,1,2.0027,2.0027,3.6603,4.0795,12,1,11000000,2,1,0,0,0,0,0,0,0,1,0,0,0,0,0,0,0,0,0,1,0,0,3.0,1,1,731,0
616,1,0.4192,3.4192,3.6027,4.8521,19,4,14100000,4,1,0,0,0,0,0,0,0,1,0,0,0,0,0,0,0,1,1,1,0,0,2.25,1,1,153,1095
617,0,0.4932,0.4932,2.2411,2.2411,8,1,5000000,1,1,0,0,0,0,0,0,0,0,0,0,0,0,0,1,0,0,1,0,0,0,1.0,0,1,180,0
618,0,0.0,1.5808,-0.1671,-0.1671,1,2,400000,1,0,0,0,0,1,0,1,0,0,0,0,0,0,0,0,0,1,0,0,0,0,1.0,0,1,0,577
619,1,7.3945,7.3945,4.0027,4.0027,4,1,10000000,1,1,0,0,0,0,0,0,0,0,0,0,0,1,0,0,0,0,0,0,1,0,1.0,0,1,2699,0
620,0,0.8329,4.0712,2.0,2.0,3,3,11035000,1,0,0,1,0,0,1,0,0,0,0,0,0,0,0,0,1,0,0,1,1,0,1.6667,1,1,304,1182
621,1,5.6438,5.6438,8.0055,11.3288,9,1,12700000,2,0,0,1,0,0,0,0,0,0,0,0,0,0,0,1,0,0,0,0,0,1,4.0,1,1,2060,0
622,1,2.9507,3.5562,0.0,0.0,3,2,20757182,1,1,0,0,0,0,0,0,0,0,0,0,0,1,0,0,0,0,0,1,0,0,1.0,1,1,1077,221
623,1,5.4658,7.2822,10.5918,10.5918,5,3,27000000,1,1,0,0,0,0,1,0,0,0,0,0,0,0,0,0,0,0,0,0,0,1,6.0,1,1,1995,663
624,1,3.7534,3.7534,5.5425,6.7562,7,1,10000000,3,0,1,0,0,0,0,0,0,0,1,0,0,0,0,0,0,0,1,0,0,0,1.0,0,1,1370,0
625,0,4.2219,4.2219,,,4,1,26000000,0,1,0,0,0,0,0,0,0,0,0,0,0,0,0,1,0,0,0,0,0,1,4.0,1,0,1541,0
626,0,2.1616,4.9562,,,2,2,4000000,0,0,0,0,0,1,0,0,0,0,0,0,0,0,0,1,0,0,1,0,0,0,2.0,1,0,789,1020
627,1,2.0849,3.9425,-3.0,-3.0,3,2,20220000,1,1,0,0,0,0,0,0,0,0,0,0,0,0,0,1,0,0,1,1,0,0,3.0,1,1,761,678
628,1,4.3534,4.3534,6.1699,9.0904,7,1,10000000,3,0,1,0,0,0,0,0,0,0,0,1,0,0,0,0,0,0,0,1,0,0,4.0,1,1,1589,0
629,0,1.5123,3.6082,1.3178,4.1589,8,2,7350000,3,0,1,0,0,0,0,0,0,0,0,1,0,0,0,0,0,0,1,1,0,0,4.5,1,1,552,765
630,0,0.7671,0.7671,0.0,0.0,1,1,50000,1,1,0,0,0,0,0,0,0,0,0,0,0,0,0,1,0,1,0,0,0,0,1.0,0,1,280,0
631,0,1.8822,1.8822,1.6603,3.0247,5,1,1000000,3,0,1,0,0,0,0,0,0,0,0,0,0,0,0,1,0,0,1,0,0,0,7.0,1,1,687,0
632,0,2.7945,6.0356,7.5014,8.0055,16,4,45000000,2,1,0,0,0,0,0,0,0,0,0,0,0,0,0,1,0,0,1,1,1,0,2.0,1,1,1020,1183
633,0,0.2164,4.8438,0.2164,6.2466,22,5,70000000,5,1,0,0,0,0,0,0,0,1,0,0,0,0,0,0,1,0,1,1,1,0,4.2,1,1,79,1689
634,0,1.3096,1.3096,1.0027,1.3096,3,1,500000,2,0,0,0,0,1,0,0,0,0,0,0,1,0,0,0,0,0,1,0,0,0,1.0,1,1,478,0
635,0,0.0849,1.3342,,,6,2,500000,0,1,0,0,0,0,1,0,0,0,0,0,0,0,0,0,0,0,0,0,0,0,1.0,1,0,31,456
636,1,1.0877,3.6438,3.4986,3.4986,2,3,44000000,1,0,0,0,1,0,0,0,0,0,0,0,0,0,0,1,0,0,1,1,1,0,4.0,1,1,397,933
637,0,10.3644,10.3644,5.8384,5.8384,4,1,21000000,1,0,0,0,0,1,0,0,0,0,0,0,0,0,0,1,1,0,0,0,0,0,5.0,1,1,3783,0
638,1,0.7041,1.1315,1.4493,2.2055,12,2,19000000,2,1,0,0,0,0,0,0,0,0,0,1,0,0,0,0,0,0,1,1,0,0,3.5,1,1,257,156
639,0,1.4247,4.5397,,,0,3,18700000,0,1,0,0,0,0,0,0,0,0,0,0,0,0,0,1,1,0,1,0,0,0,2.0,1,0,520,1137
640,1,1.0932,1.0932,1.6137,2.1671,6,1,10000000,2,1,0,0,0,0,1,0,0,0,0,0,0,0,0,0,0,0,1,0,0,0,7.0,1,1,399,0
641,0,0.4192,0.4192,,,5,3,5900000,0,0,0,0,0,1,1,0,0,0,0,0,0,0,0,0,0,1,0,0,0,0,1.0,0,0,153,0
642,1,3.4301,4.2548,6.0055,6.4219,13,2,28000000,2,0,0,1,0,0,0,0,0,0,0,0,0,0,0,1,0,0,0,1,1,0,2.0,1,1,1252,301
643,0,0.0,4.3945,3.1534,4.3945,5,7,24300000,2,0,0,0,0,1,1,0,0,0,0,0,0,0,0,0,1,1,1,1,0,0,2.0,1,1,0,1604
644,1,0.4137,5.3370000000000015,5.5205,7.189,21,4,32006000,3,1,0,0,0,0,0,0,1,0,0,0,0,0,0,0,0,1,1,1,1,0,1.6667,1,1,151,1797
645,1,3.0877,3.0877,1.0,1.0,4,1,13400000,1,1,0,0,0,0,0,0,0,0,0,0,0,0,0,1,0,0,0,1,0,0,2.0,1,1,1127,0
646,1,3.8493,4.8329,4.9644,7.2575,18,3,9400000,3,1,0,0,0,0,0,0,0,1,0,0,0,0,0,0,0,1,1,1,0,0,1.5,1,1,1405,359
647,1,1.0849,7.937,3.0,7.4301,10,6,15324624,3,0,0,0,0,1,0,0,0,1,0,0,0,0,0,0,1,1,1,1,0,0,2.5,1,1,396,2501
648,1,1.3342,1.3342,2.3726,4.1562,3,1,2000000,2,0,0,0,0,1,0,1,0,0,0,0,0,0,0,0,0,0,0,0,0,0,11.0,1,1,487,0
649,1,0.4192,3.674,0.8932,5.2767,24,3,16000000,4,1,0,0,0,0,0,1,0,0,0,0,0,0,0,0,0,0,1,1,1,0,5.6667,1,1,153,1188
650,0,3.9205,6.7342,,,3,3,44000000,0,0,0,0,0,1,0,0,0,0,0,0,0,0,0,1,1,0,0,1,1,0,2.3333,1,0,1431,1027
651,0,1.811,2.4548,0.7479,0.7479,2,2,1175000,1,0,0,0,0,1,1,0,0,0,0,0,0,0,0,0,1,0,0,0,0,0,1.0,0,1,661,235
652,1,6.8329,10.2712,13.011,13.011,22,2,9000000,1,1,0,0,0,0,0,0,0,0,0,0,0,0,0,1,0,0,0,0,0,0,4.0,1,1,2494,1255
653,1,0.3288,5.3726,9.0055,9.0055,9,3,35150000,1,1,0,0,0,0,0,1,0,0,0,0,0,0,0,0,0,0,1,1,1,0,3.0,1,1,120,1841
654,1,1.3288,5.6712,2.4959,5.6712,4,3,12000000,2,0,0,1,0,0,1,0,0,0,0,0,0,0,0,0,1,0,1,1,0,0,2.6667,1,1,485,1585
655,1,5.662999999999999,5.662999999999999,5.0027,5.0027,4,1,30000000,1,1,0,0,0,0,0,0,0,0,0,0,0,1,0,0,0,0,0,0,1,0,9.0,1,1,2067,0
656,1,6.1342,6.1342,7.1726,7.1726,5,1,8000000,1,1,0,0,0,0,0,0,0,0,0,0,0,0,0,1,0,0,0,1,0,0,2.0,1,1,2239,0
657,1,2.0959,2.0959,2.2822,3.1699,6,1,4100000,3,1,0,0,0,0,0,0,0,0,1,0,0,0,0,0,0,0,1,0,0,0,2.0,1,1,765,0
658,0,1.9562,3.5123,3.4986,3.4986,1,2,2408500,1,0,0,0,0,1,0,0,0,0,0,0,0,0,0,1,0,1,0,0,0,0,3.0,1,1,714,568
659,0,2.1644,5.8493,6.0027,6.0027,3,4,72000000,1,1,0,0,0,0,0,0,0,0,0,0,0,0,0,1,0,0,1,1,1,0,2.25,1,1,790,1345
660,0,1.0,2.0,3.2493,3.2493,2,2,18400000,1,0,0,0,0,1,0,0,0,1,0,0,0,0,0,0,1,0,0,0,0,0,1.0,0,1,365,365
661,0,8.0219,14.9726,4.0027,4.0027,4,7,162264126,1,0,0,0,0,1,0,0,0,0,0,0,0,1,0,0,1,0,0,1,1,1,6.75,1,1,2928,2537
662,1,7.4575,7.4575,5.5863,5.5863,7,1,29000000,1,0,0,1,0,0,0,0,0,0,0,0,0,1,0,0,1,0,0,0,0,0,7.0,1,1,2722,0
663,0,5.4247,5.4247,,,0,1,8700000,0,0,0,0,0,1,0,0,0,0,0,0,0,0,0,1,0,0,1,0,0,0,2.0,1,0,1980,0
664,1,4.6877,4.6877,4.1644,9.274,12,1,10000000,2,0,0,1,0,0,0,0,1,0,0,0,0,0,0,0,0,0,0,0,1,0,7.0,1,1,1711,0
665,1,0.9178,2.6329,2.9534,3.9699,5,2,15000000,2,0,0,1,0,0,1,0,0,0,0,0,0,0,0,0,0,0,1,1,0,0,2.0,1,1,335,626
666,0,0.6685,0.6685,0.0,0.0,2,1,2600000,1,1,0,0,0,0,0,0,0,0,0,0,0,0,0,1,0,0,0,0,0,0,1.0,0,1,244,0
667,1,1.3151,1.3151,6.4658,8.8411,30,1,15000000,3,1,0,0,0,0,0,1,0,0,0,0,0,0,0,0,0,0,1,0,0,0,1.0,1,1,480,0
668,1,0.0822,1.8164,1.0849,2.3014,7,3,4000000,2,0,1,0,0,0,0,1,0,0,0,0,0,0,0,0,0,1,1,0,0,0,2.0,1,1,30,633
669,1,0.9151,5.5452,5.0027,5.0027,9,2,73000000,1,1,0,0,0,0,0,0,0,0,0,0,0,1,0,0,1,0,0,1,0,0,3.0,1,1,334,1690
670,1,0.3233,1.0986,0.8411,2.0411,5,4,12123837,3,0,1,0,0,0,0,0,0,0,0,0,0,0,0,1,0,1,1,0,0,0,4.6667,1,1,118,283
671,1,0.9178,2.4877,2.5808,5.3808,18,3,22400000,3,0,0,0,0,1,0,0,1,0,0,0,0,0,0,0,1,0,1,1,0,0,3.3333,1,1,335,573
672,1,1.2849,2.0082,2.1616,3.4438,12,2,5700000,3,1,0,0,0,0,0,0,0,1,0,0,0,0,0,0,0,0,1,1,0,0,4.0,1,1,469,264
673,0,4.5452,7.8603,,,2,2,28500000,0,1,0,0,0,0,0,0,0,0,0,0,0,1,0,0,1,0,0,1,0,0,4.5,1,0,1659,1210
674,1,0.9151,2.0712,2.0027,2.0027,9,2,21000000,1,0,0,1,0,0,1,0,0,0,0,0,0,0,0,0,0,0,1,1,0,0,2.5,1,1,334,422
675,0,21.8959,21.8959,24.6849,24.6849,1,1,8000000,1,0,0,0,0,1,1,0,0,0,0,0,0,0,0,0,1,0,0,0,0,0,2.0,0,1,7992,0
676,0,0.2055,0.2055,0.1644,0.1644,1,1,1500000,1,1,0,0,0,0,0,0,0,0,0,1,0,0,0,0,0,0,1,0,0,0,1.0,1,1,75,0
677,1,0.5808,2.4603,2.5014,5.0932,17,3,28300000,4,0,0,1,0,0,0,0,0,0,1,0,0,0,0,0,0,0,1,1,1,0,1.6667,1,1,212,686
678,1,2.1452,4.9726,2.3671,2.7123,4,5,7939553,2,1,0,0,0,0,0,1,0,0,0,0,0,0,0,0,1,0,0,1,0,0,2.0,1,1,783,1032
679,0,0.8329,0.8329,,,3,1,545000,0,1,0,0,0,0,0,0,0,0,0,0,0,0,0,1,0,1,0,0,0,0,2.0,1,0,304,0
680,1,4.7452,8.9562,5.0027,5.0027,10,3,15247925,1,0,0,1,0,0,0,0,0,0,0,0,0,0,0,1,0,0,0,0,1,1,1.5,1,1,1732,1537
681,1,0.2466,2.5589,2.0027,4.7781,11,3,12800000,2,0,1,0,0,0,0,0,0,0,0,1,0,0,0,0,0,1,1,1,0,0,1.5,1,1,90,844
682,0,1.063,2.4822,0.0,1.3068,1,2,950000,2,0,0,0,0,1,0,0,1,0,0,0,0,0,0,0,1,0,1,0,0,0,3.0,1,1,388,518
683,1,2.9178,4.9205,2.0027,12.5096,6,2,16000000,5,0,0,1,0,0,0,1,0,0,0,0,0,0,0,0,0,0,1,1,0,0,1.0,1,1,1065,731
684,1,6.0055,6.0055,6.0055,6.0055,2,1,10000000,1,1,0,0,0,0,0,0,0,0,0,0,0,0,0,1,0,0,0,0,1,0,1.0,1,1,2192,0
685,1,0.7781,0.7781,0.3397,2.4877,5,1,1500000,3,0,1,0,0,0,0,0,0,0,0,0,0,0,0,1,0,0,0,0,0,0,1.0,0,1,284,0
686,0,5.8438,6.9452,5.9205,6.3808,6,2,13000000,2,1,0,0,0,0,0,0,0,0,0,0,0,0,0,1,1,0,0,0,1,0,2.0,1,1,2133,402
687,1,2.6411,2.6411,4.0959,4.926,6,1,10000000,2,0,1,0,0,0,0,0,0,0,0,0,0,0,0,1,1,0,0,0,0,0,6.0,1,1,964,0
688,1,2.0521,2.9973,2.0027,3.8137,9,2,3915000,2,0,1,0,0,0,0,0,0,0,1,0,0,0,0,0,1,0,1,0,0,0,3.0,1,1,749,345
689,1,0.0,1.5041,1.5808,3.1726,7,2,1400000,2,0,1,0,0,0,0,0,0,0,0,0,0,0,0,1,0,1,1,0,0,0,6.0,1,1,0,549
690,0,0.0,0.6904,0.0,0.6904,6,2,650000,2,0,0,0,0,1,0,0,0,0,0,0,1,0,0,0,1,1,0,0,0,0,1.0,1,1,0,252
691,0,0.4137,3.2438,0.4137,6.8,5,3,9700000,4,0,0,0,1,0,0,0,0,0,0,1,0,0,0,0,1,0,1,0,0,0,1.0,1,1,151,1033
692,1,3.1644,3.1644,2.0027,2.0027,6,1,15000000,1,1,0,0,0,0,1,0,0,0,0,0,0,0,0,0,0,0,0,0,0,1,3.0,1,1,1155,0
693,1,3.7753,10.2548,10.0301,11.0329,18,4,38764000,3,1,0,0,0,0,0,0,0,1,0,0,0,0,0,0,1,0,1,1,0,0,2.0,1,1,1378,2365
694,0,0.3288,6.4192,1.1671,4.989,6,8,211403000,2,1,0,0,0,0,0,0,0,0,0,0,0,0,0,1,1,0,1,1,1,0,2.7143,1,1,120,2223
695,1,2.4767,2.6438,3.4164,5.2,8,2,20750000,3,1,0,0,0,0,0,0,0,1,0,0,0,0,0,0,0,0,1,1,0,0,2.0,1,1,904,61
696,1,1.2493,1.8849,2.2521,3.2219,4,2,1020000,2,1,0,0,0,0,0,0,0,0,0,0,0,0,0,1,0,1,1,0,0,0,2.5,1,1,456,232
697,0,0.4301,0.4301,2.0027,2.0027,6,1,13000000,1,0,0,0,1,0,1,0,0,0,0,0,0,0,0,0,0,0,1,0,0,0,4.0,1,1,157,0
698,1,0.1671,3.9178,0.0,2.9178,8,2,14700000,2,0,1,0,0,0,1,0,0,0,0,0,0,0,0,0,0,1,1,0,0,0,4.0,1,1,61,1369
699,1,1.1616,4.1644,3.0,8.9205,19,4,33000000,4,1,0,0,0,0,0,0,1,0,0,0,0,0,0,0,0,0,1,1,1,1,1.3333,1,1,424,1096
700,1,5.4767,5.4767,,,5,1,30000000,0,1,0,0,0,0,0,0,0,0,0,0,0,0,0,1,0,0,0,0,1,0,6.0,1,0,1999,0
701,0,0.2384,3.7644,2.4192,3.8795,10,4,33000000,3,0,0,0,1,0,1,0,0,0,0,0,0,0,0,0,0,0,1,1,1,0,4.0,1,1,87,1287
702,0,-0.5014,-0.5014,,,1,1,150000,0,0,0,0,0,1,0,0,0,0,0,0,0,0,0,1,0,1,0,0,0,0,1.0,0,0,-183,0
703,0,0.1671,0.1671,0.5863,0.5863,3,1,20000,1,0,0,1,0,0,0,0,0,0,1,0,0,0,0,0,0,1,0,0,0,0,1.0,0,1,61,0
704,0,3.7589,5.0685,,,2,3,30926154,0,1,0,0,0,0,0,0,0,0,0,0,0,0,0,1,0,0,0,1,0,0,3.0,1,0,1372,478
705,0,0.8164,0.8164,,,0,1,2000000,0,1,0,0,0,0,0,0,0,0,1,0,0,0,0,0,0,0,0,0,0,0,1.0,0,0,298,0
706,0,4.5397,9.337,2.0027,2.0027,2,2,19000000,1,0,0,1,0,0,1,0,0,0,0,0,0,0,0,0,1,0,0,1,0,0,3.5,1,1,1657,1751
707,0,3.0356,6.7534,4.0027,4.0027,2,3,33000000,1,1,0,0,0,0,0,0,0,0,1,0,0,0,0,0,0,0,1,1,1,0,4.0,1,1,1108,1357
708,1,4.3562,6.3151,4.0027,4.0027,1,3,15650000,1,0,0,0,0,1,0,0,0,0,0,0,0,0,0,1,1,0,0,0,0,0,1.3333,1,1,1590,715
709,1,6.3342,7.5342,7.1726,10.9315,8,3,17400000,3,1,0,0,0,0,0,1,0,0,0,0,0,0,0,0,0,0,1,1,0,0,2.3333,1,1,2312,438
710,0,0.8329,0.8329,-0.1671,1.189,5,1,154000,2,1,0,0,0,0,0,0,0,0,0,0,0,0,0,1,0,1,0,0,0,0,1.0,0,1,304,0
711,0,4.8082,4.8082,6.6027,6.7233,4,1,35000000,2,1,0,0,0,0,0,1,0,0,0,0,0,0,0,0,0,0,0,0,0,1,3.0,1,1,1755,0
712,0,0.5836,4.4301,1.2521,2.1452,5,4,7516703,3,0,0,0,0,1,0,0,1,0,0,0,0,0,0,0,1,1,0,0,0,0,1.0,0,1,213,1404
713,0,2.6247,2.6247,2.874,4.3014,1,1,48000000,3,0,0,0,1,0,0,0,0,0,0,0,0,0,0,1,1,0,0,0,0,0,5.0,1,1,958,0
714,1,5.4219,8.3014,8.0055,8.0055,6,3,65800000,1,1,0,0,0,0,0,0,0,0,0,0,0,0,0,1,1,0,0,0,0,1,4.6667,1,1,1979,1051
715,0,0.6767,0.789,0.0,0.0,2,2,125000,1,0,0,0,0,1,0,0,0,0,0,0,0,0,0,1,0,1,0,0,0,0,1.0,0,1,247,41
716,1,0.5808,0.5808,-0.5041,3.8301,5,1,750000,3,0,0,0,0,1,0,0,0,0,0,0,0,0,0,1,0,1,0,0,0,0,2.0,1,1,212,0
717,1,2.4384,2.4384,2.3288,2.4384,10,1,17000000,2,0,0,0,0,1,0,0,0,1,0,0,0,0,0,0,1,0,0,0,0,0,5.0,1,1,890,0
718,0,10.4247,13.0877,8.9808,12.7233,4,3,4087500,3,1,0,0,0,0,0,0,0,1,0,0,0,0,0,0,1,1,0,0,0,0,1.0,0,1,3805,972
719,0,10.8795,10.8795,15.4986,15.4986,3,1,1000000,1,1,0,0,0,0,0,0,0,0,0,0,0,0,0,1,0,0,1,0,0,0,2.0,1,1,3971,0
720,1,-0.1041,6.3644,5.4822,6.7699,13,5,23500000,3,0,0,0,1,0,0,0,0,0,0,0,0,0,0,1,1,0,1,1,1,0,1.75,1,1,-38,2361
721,0,0.0,0.0,,,2,1,990000,0,1,0,0,0,0,0,1,0,0,0,0,0,0,0,0,0,0,1,0,0,0,2.0,0,0,0,0
722,1,0.7534,0.7534,3.1699,4.6247,13,1,1000000,2,0,0,0,0,1,0,0,0,0,1,0,0,0,0,0,0,0,1,0,0,0,3.0,1,1,275,0
723,1,0.6658,5.1315,2.7479,6.0027,15,4,41000000,2,0,0,1,0,0,0,0,0,0,0,0,0,0,0,1,1,0,1,1,1,0,1.75,1,1,243,1630
724,0,0.3699,0.3699,,,3,1,7000000,0,0,0,0,0,1,0,0,0,0,0,0,0,0,0,1,0,0,1,0,0,0,1.0,1,0,135,0
725,1,0.8301,2.0767,1.0027,1.0027,4,2,55000000,1,0,0,1,0,0,0,0,0,0,0,0,0,1,0,0,0,0,1,1,0,0,2.0,1,1,303,455
726,1,3.7452,4.9671,4.6822,4.8384,10,2,69000000,2,1,0,0,0,0,1,0,0,0,0,0,0,0,0,0,0,0,1,1,0,0,3.5,1,1,1367,446
727,1,1.3288,7.0795,4.874,7.0055,25,8,129677153,3,1,0,0,0,0,0,0,0,1,0,0,0,0,0,0,1,0,1,1,1,1,3.0,1,1,485,2099
728,1,2.5041,7.2521,,,4,6,232000100,0,1,0,0,0,0,0,0,0,0,0,0,0,1,0,0,0,0,1,0,1,1,3.6667,1,0,914,1733
729,1,0.0849,1.5863,2.1151,4.0,5,2,5700000,3,1,0,0,0,0,0,0,0,1,0,0,0,0,0,0,0,1,1,0,0,0,4.0,1,1,31,548
730,1,5.6384,5.6384,4.2493,4.2493,3,1,10500000,1,0,0,1,0,0,0,0,0,0,0,0,0,0,0,1,0,0,0,0,0,1,4.0,1,1,2058,0
731,0,1.9699,3.9205,,,2,2,23000000,0,0,1,0,0,0,0,0,0,0,0,0,1,0,0,0,1,0,0,0,0,0,3.0,1,0,719,712
732,1,5.4329,9.4959,,,13,3,14000000,0,0,0,0,0,1,0,0,0,0,0,0,0,0,0,1,0,0,1,1,0,0,3.0,1,0,1983,1483
733,1,1.6466,1.6466,,,4,2,7500000,0,1,0,0,0,0,1,0,0,0,0,0,0,0,0,0,0,1,1,0,0,0,2.0,1,0,601,0
734,1,0.8986,0.8986,0.4137,1.6329,12,1,1420000,3,0,1,0,0,0,0,0,0,0,0,0,0,0,0,1,0,0,1,0,0,0,16.0,1,1,328,0
735,0,0.1589,2.4274,-0.1699,2.2137,1,2,9000000,2,0,0,0,0,1,0,0,0,0,0,0,1,0,0,0,1,0,1,0,0,0,1.0,1,1,58,828
736,0,0.7644,0.7644,,,3,1,500000,0,0,0,0,0,1,0,0,0,0,0,1,0,0,0,0,1,0,0,0,0,0,1.0,1,0,279,0
737,1,0.0356,0.726,0.474,0.9205,4,2,70000,2,1,0,0,0,0,0,0,0,0,0,0,0,0,0,1,0,1,0,0,0,0,1.0,1,1,13,252
738,0,0.5808,1.6548,,,3,2,850000,0,1,0,0,0,0,0,0,0,0,0,0,1,0,0,0,0,1,1,0,0,0,1.0,1,0,212,392
739,1,3.8767,3.8767,3.0027,5.8329,9,1,15000000,2,1,0,0,0,0,0,0,0,1,0,0,0,0,0,0,1,0,0,0,0,0,1.0,1,1,1415,0
740,1,0.5205,1.0959,0.2521,2.0575,12,2,3150000,2,1,0,0,0,0,0,1,0,0,0,0,0,0,0,0,0,1,1,0,0,0,11.5,1,1,190,210
741,0,1.2164,1.2164,1.4164,2.6822,6,1,5500000,2,1,0,0,0,0,0,0,0,0,0,0,1,0,0,0,0,0,1,0,0,0,8.0,1,1,444,0
742,1,4.8877,4.8877,3.2877,3.2877,8,1,10571182,1,1,0,0,0,0,0,0,0,0,0,0,0,0,0,1,0,0,1,0,0,0,1.0,0,1,1784,0
743,0,0.5808,0.5808,,,13,1,500000,0,1,0,0,0,0,0,0,0,0,0,0,0,0,0,1,0,1,0,0,0,0,1.0,0,0,212,0
744,1,0.9233,4.7425,0.6712,7.7671,12,7,24900000,3,1,0,0,0,0,0,0,0,0,0,0,0,0,0,1,1,1,1,0,0,0,3.0,1,1,337,1394
745,0,1.7616,2.326,0.8767,3.0274,12,2,3529175,3,1,0,0,0,0,0,1,0,0,0,0,0,0,0,0,1,0,1,0,0,0,1.0,0,1,643,206
746,1,0.0,4.6164,3.2904,5.2685,15,4,23400000,3,0,1,0,0,0,0,0,0,0,0,0,0,0,0,1,0,0,1,1,1,0,2.25,1,1,0,1685
747,1,7.4027,7.4027,7.4,11.874,15,1,8800000,3,1,0,0,0,0,0,0,0,0,0,0,0,0,0,1,0,0,0,0,0,1,5.0,1,1,2702,0
748,0,0.0,0.0,0.3288,0.3288,2,1,1500000,1,0,1,0,0,0,0,0,0,0,0,0,0,0,0,1,0,0,0,0,0,0,6.0,1,1,0,0
749,0,4.8603,9.4247,,,3,7,74000000,0,1,0,0,0,0,0,0,0,0,0,0,0,0,0,1,1,0,0,0,1,1,2.0,1,0,1774,1666
750,1,1.4164,2.0,7.0055,11.4219,3,3,8800000,2,0,0,0,0,1,0,0,0,0,0,0,0,0,0,1,0,0,1,1,0,0,1.0,0,1,517,213
751,1,2.5808,4.6082,0.5808,10.2219,3,2,7100000,3,1,0,0,0,0,0,1,0,0,0,0,0,0,0,0,0,1,1,0,0,0,1.5,1,1,942,740
752,1,1.3315,2.9973,2.1616,5.9616,8,3,3500000,6,0,0,1,0,0,0,0,0,0,0,0,1,0,0,0,1,1,1,0,0,0,1.6667,1,1,486,608
753,1,1.589,1.589,1.1863,2.5452,6,1,3000000,2,1,0,0,0,0,1,0,0,0,0,0,0,0,0,0,0,0,1,0,0,0,2.0,1,1,580,0
754,0,0.1288,0.274,0.3068,0.3068,5,2,11000,1,0,1,0,0,0,0,1,0,0,0,0,0,0,0,0,0,1,0,0,0,0,1.0,0,1,47,53
755,1,6.5452,8.6,5.0027,5.0027,4,3,26200000,1,1,0,0,0,0,0,0,0,0,0,0,0,0,0,1,1,0,0,0,1,0,2.5,1,1,2389,750
756,1,1.3259999999999998,2.7096,4.3699,6.462999999999999,6,2,29000000,3,1,0,0,0,0,1,0,0,0,0,0,0,0,0,0,0,0,0,1,1,0,2.5,1,1,484,505
757,0,4.8438,4.8438,,,2,1,10000000,0,1,0,0,0,0,1,0,0,0,0,0,0,0,0,0,0,0,0,1,0,0,2.0,0,0,1768,0
758,0,0.8521,0.8521,0.0,2.9425,3,1,500000,3,1,0,0,0,0,0,1,0,0,0,0,0,0,0,0,0,1,0,0,0,0,3.0,1,1,311,0
759,1,0.0849,1.8384,1.4164,2.337,3,3,11500000,3,1,0,0,0,0,0,0,0,1,0,0,0,0,0,0,0,1,1,1,0,0,1.5,1,1,31,640
760,1,1.1699,3.8932,2.3014,3.4301,8,5,5350000,3,0,0,0,1,0,0,0,0,1,0,0,0,0,0,0,0,1,1,0,0,0,3.0,1,1,427,994
761,0,0.6658,3.989,5.0849,7.3699,27,3,11015719,4,1,0,0,0,0,0,0,1,0,0,0,0,0,0,0,1,0,1,0,0,0,2.0,1,1,243,1213
762,1,0.5288,1.0466,1.2959,3.3781,30,3,9807367,3,1,0,0,0,0,0,0,0,0,1,0,0,0,0,0,0,1,1,0,0,0,8.6667,1,1,193,189
763,1,-0.4959,0.6301,0.589,3.011,8,2,2535000,2,1,0,0,0,0,0,1,0,0,0,0,0,0,0,0,0,1,1,0,0,0,5.0,1,1,-181,411
764,1,5.4658,8.9534,8.8384,8.9534,4,3,19000000,2,0,0,0,1,0,0,0,0,1,0,0,0,0,0,0,1,0,0,1,1,0,5.3333,1,1,1995,1273
765,1,0.0,2.7644,1.1616,1.1616,4,3,475000,1,1,0,0,0,0,0,0,0,0,0,0,0,0,0,1,0,1,0,0,0,0,4.0,0,1,0,1009
766,1,5.7671,7.862999999999999,9.2575,9.2575,16,2,36000000,1,0,1,0,0,0,0,0,0,0,0,1,0,0,0,0,1,0,0,1,0,0,1.0,1,1,2105,765
767,1,3.1671,3.1671,,,4,1,12000000,0,1,0,0,0,0,0,0,0,0,0,1,0,0,0,0,0,0,0,0,1,0,5.0,1,0,1156,0
768,1,0.4,3.7589,3.0,3.0,15,4,122000000,1,1,0,0,0,0,0,0,0,0,0,0,0,1,0,0,0,0,1,1,1,1,2.5,1,1,146,1226
769,1,0.0795,0.0795,0.5014,1.3781,8,1,1750000,2,0,1,0,0,0,0,0,0,0,0,0,0,0,0,1,0,0,0,0,0,0,5.0,1,1,29,0
770,1,0.5562,0.5562,-0.0247,1.9288,3,1,130000,2,0,1,0,0,0,0,1,0,0,0,0,0,0,0,0,0,1,0,0,0,0,1.0,0,1,203,0
771,0,7.9178,10.9041,,,4,3,13222860,0,0,0,0,0,1,0,0,0,0,0,0,0,0,0,1,1,0,0,0,0,0,3.0,1,0,2890,1090
772,0,4.1315,6.1507,5.5699,6.1096,10,2,2192000,3,0,0,0,0,1,0,0,0,0,0,0,0,0,0,1,1,0,0,1,0,0,3.0,0,1,1508,737
773,1,5.1452,5.1452,2.0,2.0,4,1,2000000,1,0,0,1,0,0,0,1,0,0,0,0,0,0,0,0,1,0,0,0,0,0,1.0,1,1,1878,0
774,1,3.0219,4.9589,6.5836,6.6822,11,2,9400000,2,1,0,0,0,0,0,0,0,0,0,0,0,0,0,1,0,0,1,0,0,0,2.0,1,1,1103,707
775,1,5.3452,7.2274,,,2,4,13045000,0,1,0,0,0,0,0,0,0,0,0,0,0,0,0,1,0,0,1,1,0,0,2.0,1,0,1951,687
776,1,0.1753,4.0986,0.7342,5.0493,8,4,10000000,3,1,0,0,0,0,0,1,0,0,0,0,0,0,0,0,0,0,1,1,1,0,1.25,1,1,64,1432
777,1,1.4247,1.4247,1.0,1.0,7,1,6000000,1,1,0,0,0,0,0,0,0,0,1,0,0,0,0,0,0,0,0,1,0,0,2.0,1,1,520,0
778,0,2.0,3.5562,4.5699,4.5699,3,2,2100000,1,0,0,0,0,1,0,0,1,0,0,0,0,0,0,0,1,1,0,0,0,0,2.0,0,1,730,568
779,1,0.4192,0.8877,0.0849,1.863,3,2,3250000,3,0,0,0,0,1,0,0,0,0,0,0,0,0,0,1,1,0,1,0,0,0,1.0,1,1,153,171
780,0,6.5726,7.1562,,,1,3,148000000,0,1,0,0,0,0,0,0,0,0,0,0,0,0,0,1,1,0,0,1,0,0,3.5,1,0,2399,213
781,1,3.9178,9.3014,10.7507,10.7507,10,2,24500000,1,1,0,0,0,0,0,0,0,0,0,0,0,0,0,1,1,0,1,0,0,0,2.0,1,1,1430,1965
782,0,-0.0192,0.8959,1.063,1.063,4,2,72000,1,0,0,0,0,1,0,0,0,1,0,0,0,0,0,0,0,1,0,0,0,0,1.0,0,1,-7,334
783,0,6.6027,6.6027,4.0027,4.0027,3,1,10360000,1,1,0,0,0,0,0,0,0,0,0,0,0,0,0,1,0,0,0,0,1,0,5.0,1,1,2410,0
784,1,0.0192,1.5699,2.4849,4.8712,12,3,1310000,2,0,1,0,0,0,1,0,0,0,0,0,0,0,0,0,0,1,0,0,0,0,6.0,1,1,7,566
785,0,-0.1151,-0.1151,0.0466,0.0466,1,1,150000,1,0,1,0,0,0,0,0,0,0,0,1,0,0,0,0,0,1,0,0,0,0,1.0,0,1,-42,0
786,1,3.0877,9.3178,0.4959,9.5315,5,3,64000000,2,1,0,0,0,0,0,0,0,0,0,0,0,0,0,1,1,0,0,1,1,0,3.3333,1,1,1127,2274
787,0,0.0,0.0,0.0,0.0,2,1,250000,1,0,0,0,0,1,0,0,0,0,0,0,1,0,0,0,0,1,0,0,0,0,1.0,0,1,0,0
788,1,-0.2521,2.0877,1.4164,1.4164,6,3,1830000,1,1,0,0,0,0,0,0,0,0,0,0,0,0,0,1,0,1,1,0,0,0,2.0,0,1,-92,854
789,1,0.4192,1.0247,0.7726,2.1699,10,2,9800000,4,0,0,0,0,1,0,0,0,1,0,0,0,0,0,0,0,0,1,1,0,0,4.5,1,1,153,221
790,1,1.8247,1.8247,3.8959,5.9068,15,1,2300000,3,1,0,0,0,0,0,1,0,0,0,0,0,0,0,0,0,0,1,0,0,0,1.0,0,1,666,0
791,0,2.4192,3.0904,-0.1616,3.9699,3,2,1310000,4,0,0,0,0,1,0,1,0,0,0,0,0,0,0,0,0,1,0,0,0,0,1.0,0,1,883,245
792,0,0.0822,0.8384,0.0,4.1836,4,2,4500000,5,1,0,0,0,0,0,0,0,0,0,1,0,0,0,0,0,1,0,1,0,0,5.5,1,1,30,276
793,1,2.1616,5.7315,5.0027,5.0027,5,3,22000000,1,1,0,0,0,0,1,0,0,0,0,0,0,0,0,0,0,0,1,1,1,0,2.6667,1,1,789,1303
794,1,0.6658,2.0795,3.0301,4.2877,23,3,10000000,3,1,0,0,0,0,0,0,0,0,1,0,0,0,0,0,0,1,1,1,0,0,2.6667,1,1,243,516
795,1,0.8904,2.2521,2.6603,2.7534,21,4,36500000,3,0,1,0,0,0,0,0,0,0,0,0,1,0,0,0,0,0,1,1,1,0,1.5,1,1,325,497
796,1,1.7507,9.9589,9.3425,10.4603,35,7,33672656,3,0,0,0,0,1,0,1,0,0,0,0,0,0,0,0,1,0,1,1,0,0,2.0,1,1,639,2996
797,1,0.8603,2.926,3.0,3.0,4,3,19000000,1,1,0,0,0,0,0,0,0,1,0,0,0,0,0,0,0,0,1,1,0,0,2.0,1,1,314,754
798,1,3.4685,3.4685,2.0,2.0,3,1,30000000,1,1,0,0,0,0,0,0,0,0,0,0,0,0,0,1,0,0,0,1,0,0,4.0,1,1,1266,0
799,1,1.5151,2.937,2.6384,3.8164,6,2,2250000,2,1,0,0,0,0,0,1,0,0,0,0,0,0,0,0,1,0,0,0,0,0,8.5,1,1,553,519
800,1,5.8658,9.9644,8.1699,8.1699,7,6,53818873,1,1,0,0,0,0,0,0,0,0,0,0,0,0,0,1,1,0,0,0,1,0,4.25,1,1,2141,1496
801,0,2.6658,2.6658,,,6,1,5500000,0,1,0,0,0,0,0,1,0,0,0,0,0,0,0,0,0,0,1,0,0,0,1.0,1,0,973,0
802,1,1.9973,1.9973,-0.0822,3.5205,3,1,6000000,2,0,0,0,0,1,0,0,0,0,0,0,0,0,0,1,0,0,1,0,0,0,1.0,1,1,729,0
803,0,1.4959,1.6658,0.0,7.5233,2,2,30150000,3,1,0,0,0,0,0,0,0,0,1,0,0,0,0,0,0,0,1,1,0,0,1.5,1,1,546,62
804,1,3.7863,5.5123,,,11,2,83000000,0,1,0,0,0,0,0,0,0,0,0,0,0,1,0,0,1,0,0,0,0,0,1.0,0,0,1382,630
805,0,1.0,2.7096,,,1,2,12000000,0,0,1,0,0,0,0,0,0,0,0,1,0,0,0,0,0,0,1,1,0,0,1.0,0,0,365,624
806,1,0.1644,1.4986,3.1644,5.5479,6,2,3500000,2,1,0,0,0,0,1,0,0,0,0,0,0,0,0,0,0,1,1,0,0,0,1.0,0,1,60,487
807,1,1.4301,1.4301,2.3452,3.4575,5,1,4000000,3,1,0,0,0,0,1,0,0,0,0,0,0,0,0,0,0,0,1,0,0,0,4.0,1,1,522,0
808,0,2.4521,3.6027,,,9,2,4000000,0,1,0,0,0,0,0,0,0,0,0,0,0,0,0,1,0,0,1,0,0,0,1.0,1,0,895,420
809,1,5.8274,7.7151,10.0082,10.0082,11,2,25000000,1,1,0,0,0,0,1,0,0,0,0,0,0,0,0,0,1,0,0,0,0,0,4.5,1,1,2127,689
810,1,0.8356,3.7616,0.9041,0.9041,5,3,1420698,1,0,1,0,0,0,0,0,1,0,0,0,0,0,0,0,1,1,0,0,0,0,2.0,1,1,305,1068
811,1,1.6219,5.3315,-3.7507,-3.7507,5,2,10000000,1,1,0,0,0,0,0,0,0,0,0,0,0,0,0,1,1,0,1,0,0,0,3.0,1,1,592,1354
812,1,1.1644,4.7973,2.326,6.9041,18,3,67000000,5,1,0,0,0,0,0,0,0,0,0,0,0,0,0,1,0,0,1,1,1,0,2.6667,1,1,425,1326
813,1,0.337,5.2301,4.1726,5.7205,13,4,53000000,3,1,0,0,0,0,0,0,0,0,0,0,0,0,0,1,0,1,1,1,1,0,4.5,1,1,123,1786
814,0,0.4658,1.2247,0.0,1.2247,5,2,300000,2,1,0,0,0,0,0,0,0,0,0,1,0,0,0,0,0,1,0,1,0,0,2.0,1,1,170,277
815,1,5.6685,8.5014,6.7534,8.0932,4,3,1400000,2,1,0,0,0,0,1,0,0,0,0,0,0,0,0,0,0,1,0,0,0,0,1.0,0,1,2069,1034
816,1,2.9178,4.2548,2.0027,7.1699,4,2,6500000,3,1,0,0,0,0,0,1,0,0,0,0,0,0,0,0,0,0,1,0,0,0,7.0,1,1,1065,488
817,1,1.2795,1.2795,2.7041,3.5836,8,1,5000000,3,1,0,0,0,0,0,0,0,0,0,0,0,0,0,1,0,0,1,0,0,0,1.0,1,1,467,0
818,1,2.9342,5.5342,3.9178,6.1973,6,2,9600000,2,0,0,0,0,1,0,0,0,1,0,0,0,0,0,0,0,0,1,0,0,0,3.0,1,1,1071,949
819,1,0.2466,7.4164,3.9178,10.9233,9,5,58200000,3,0,0,0,0,1,0,0,1,0,0,0,0,0,0,0,0,0,1,1,1,1,1.4,1,1,90,2617
820,1,0.9151,3.7479,0.5808,4.8822,14,3,28000000,2,0,0,1,0,0,0,0,0,0,0,0,0,0,0,1,0,0,1,1,1,0,2.6667,1,1,334,1034
821,1,4.7479,5.2301,5.8548,7.7562,10,2,30000000,3,0,0,0,1,0,0,0,0,0,0,0,0,0,0,1,1,0,0,0,0,0,1.0,0,1,1733,176
822,1,1.0,2.1644,4.3644,5.3342,10,2,3500000,2,1,0,0,0,0,0,0,0,0,0,1,0,0,0,0,0,1,1,0,0,0,2.0,0,1,365,425
823,0,0.0849,0.0849,-1.0,0.1342,7,1,16700000,2,0,0,1,0,0,0,1,0,0,0,0,0,0,0,0,0,0,1,0,0,0,4.0,0,1,31,0
824,0,11.1452,11.1452,,,0,1,18000000,0,0,0,0,0,1,0,0,0,0,0,0,0,0,0,1,0,0,0,1,0,0,7.0,1,0,4068,0
825,1,7.537000000000001,7.537000000000001,7.0055,7.0055,6,1,15000000,1,1,0,0,0,0,0,0,0,0,0,0,0,0,0,1,0,0,0,0,0,1,6.0,1,1,2751,0
826,0,3.9178,3.9178,,,2,2,12000000,0,1,0,0,0,0,0,0,0,0,0,0,0,0,0,1,0,0,1,1,0,0,4.0,1,0,1430,0
827,0,1.2849,1.2849,0.0,0.0,1,1,15000,1,0,0,0,0,1,0,0,0,0,0,0,1,0,0,0,0,1,0,0,0,0,1.0,0,1,469,0
828,1,1.3096,1.3096,1.3096,2.8822,11,1,200000,3,0,0,0,0,1,0,0,0,0,0,0,0,0,0,1,1,0,0,0,0,0,1.0,0,1,478,0
829,0,4.0274,4.0274,,,0,1,15000000,0,1,0,0,0,0,0,0,0,0,0,0,0,0,0,1,0,0,0,0,1,0,1.0,0,0,1470,0
830,1,-0.0822,1.2301,0.3151,1.2986,4,2,1400000,2,1,0,0,0,0,0,0,0,1,0,0,0,0,0,0,0,1,0,0,0,0,3.0,0,1,-30,479
831,0,-0.8658,6.1233,5.0027,5.0027,5,4,11400000,1,0,1,0,0,0,0,0,0,1,0,0,0,0,0,0,1,0,0,1,0,0,3.0,1,1,-316,2551
832,1,0.7562,4.4137,2.7836,4.0027,14,4,34250000,2,1,0,0,0,0,0,0,0,0,0,0,0,0,0,1,1,0,1,1,1,0,2.25,1,1,276,1335
833,1,0.0,2.7205,1.0027,5.9479,4,4,3800000,4,0,0,0,1,0,0,0,0,0,0,0,0,0,0,1,0,1,1,0,0,0,4.75,1,1,0,993
834,1,4.4521,6.1151,6.5863,6.5863,3,2,10100000,1,1,0,0,0,0,1,0,0,0,0,0,0,0,0,0,1,0,0,0,1,0,3.0,1,1,1625,607
835,0,4.0795,4.0795,,,0,1,4000000,0,1,0,0,0,0,1,0,0,0,0,0,0,0,0,0,0,0,0,1,0,0,6.0,1,0,1489,0
836,1,1.9562,1.9562,1.9562,2.0027,11,1,3011408,3,1,0,0,0,0,1,0,0,0,0,0,0,0,0,0,0,0,0,1,0,0,1.0,1,1,714,0
837,0,9.7315,9.7315,6.0027,6.0027,2,1,8000000,1,1,0,0,0,0,1,0,0,0,0,0,0,0,0,0,1,0,0,0,0,0,3.0,1,1,3552,0
838,1,0.0,2.8795,2.3397,2.3397,15,2,12700000,1,1,0,0,0,0,0,0,0,0,0,0,0,0,0,1,0,0,1,0,0,0,1.5,1,1,0,1051
839,0,0.0,0.0,0.3342,3.2219,5,1,300000,4,1,0,0,0,0,0,0,0,0,0,0,0,0,0,1,0,1,0,0,0,0,2.0,0,1,0,0
840,1,0.0,0.0,-1.8027,-0.0959,21,1,5675000,2,1,0,0,0,0,0,1,0,0,0,0,0,0,0,0,1,0,0,0,0,0,4.0,1,1,0,0
841,1,4.0877,4.0877,4.6685,5.1863,13,1,1000000,2,1,0,0,0,0,0,0,0,0,1,0,0,0,0,0,0,1,0,0,0,0,5.0,1,1,1492,0
842,0,0.0,0.0,,,2,1,125000,0,0,0,0,0,1,0,0,0,1,0,0,0,0,0,0,0,1,0,0,0,0,1.0,0,0,0,0
843,0,0.2247,0.9534,0.5808,1.0685,2,2,700000,2,0,0,0,0,1,0,1,0,0,0,0,0,0,0,0,0,1,0,0,0,0,2.5,0,1,82,266
844,1,0.2521,0.6438,1.2685,1.7479,6,2,532000,2,0,0,0,0,1,0,0,0,1,0,0,0,0,0,0,0,1,0,0,0,0,5.0,1,1,92,143
845,1,0.2137,2.2137,4.6301,5.5534,8,2,8500000,3,1,0,0,0,0,0,1,0,0,0,0,0,0,0,0,0,0,1,1,0,0,1.0,1,1,78,730
846,1,3.5699,3.5699,5.8795,9.3808,2,1,9400000,3,0,0,0,0,1,0,0,0,0,0,0,0,0,0,1,0,0,0,1,0,0,1.0,1,1,1303,0
847,0,-1.0,2.2493,1.7479,1.7479,3,2,350000,1,0,0,0,0,1,0,0,1,0,0,0,0,0,0,0,0,1,0,0,0,0,1.0,1,1,-365,1186
848,1,1.1671,3.2110000000000003,0.7534,2.8110000000000004,16,2,12300000,3,0,1,0,0,0,0,0,0,1,0,0,0,0,0,0,0,0,0,1,1,0,1.5,1,1,426,746
849,1,1.5753,5.9589,4.4164,4.4164,6,5,25413298,1,0,0,1,0,0,0,0,0,0,0,0,0,0,0,1,1,0,1,1,0,0,3.0,1,1,575,1600
850,1,0.4329,1.126,2.6904,3.5397,23,2,9800000,2,1,0,0,0,0,0,0,0,0,0,0,0,0,0,1,0,1,1,0,0,0,4.5,1,1,158,253
851,0,-0.3288,0.337,0.4082,0.8712,5,2,1015000,2,1,0,0,0,0,0,0,0,0,0,1,0,0,0,0,0,1,0,0,0,0,5.0,1,1,-120,243
852,1,0.0,3.4712,0.0,1.9123,4,5,10000003,2,0,0,0,0,1,0,0,0,1,0,0,0,0,0,0,1,0,1,1,0,0,1.5,1,1,0,1267
853,1,0.7699,2.8548,-0.4329,2.8521,3,2,1750000,2,0,0,0,0,1,0,0,0,0,0,0,0,0,0,1,1,1,0,0,0,0,1.0,1,1,281,761
854,1,0.9397,0.9397,1.4959,3.8164,4,1,100000,2,1,0,0,0,0,0,0,0,0,0,0,0,0,0,1,0,1,0,0,0,0,3.0,1,1,343,0
855,1,1.926,1.926,1.6685,2.4658,1,1,12000000,2,1,0,0,0,0,1,0,0,0,0,0,0,0,0,0,1,0,0,0,0,0,2.0,1,1,703,0
856,1,0.3178,0.6795,0.7945,2.8521,16,2,11450000,3,0,1,0,0,0,0,0,0,0,0,0,0,0,0,1,0,1,0,1,0,0,8.5,1,1,116,132
857,0,0.6685,0.6685,-0.9151,0.863,7,1,50000,2,1,0,0,0,0,0,0,0,0,1,0,0,0,0,0,0,1,0,0,0,0,3.0,0,1,244,0
858,0,2.5808,2.5808,3.0027,4.6082,4,1,20000000,2,1,0,0,0,0,1,0,0,0,0,0,0,0,0,0,0,0,0,1,0,0,4.0,1,1,942,0
859,1,2.9671,3.7151,6.9671,8.3342,16,2,42500000,3,0,0,0,1,0,0,0,0,0,0,0,0,0,0,1,0,0,0,0,1,1,5.5,1,1,1083,273
860,1,0.0,2.3479,0.0,5.1616,7,3,22487000,2,1,0,0,0,0,0,0,0,0,0,0,0,0,0,1,1,0,0,1,1,0,2.3333,1,1,0,857
861,1,2.5342,2.5342,-1.2521,4.0493,3,1,7800000,2,1,0,0,0,0,1,0,0,0,0,0,0,0,0,0,1,0,0,0,0,0,2.0,1,1,925,0
862,1,3.9726,10.2493,3.0,3.0,8,4,59000000,1,0,0,0,0,1,0,0,0,0,0,0,0,0,0,1,0,0,0,1,1,0,6.0,1,1,1450,2291
863,0,2.337,2.337,0.5808,2.3726,5,1,4000000,4,0,0,0,0,1,0,0,1,0,0,0,0,0,0,0,0,0,1,0,0,0,1.0,1,1,853,0
864,1,1.5452,4.5178,1.663,4.9178,6,4,71400000,3,1,0,0,0,0,0,0,0,0,0,0,0,0,0,1,1,0,1,0,0,0,2.6667,1,1,564,1085
865,1,0.7918,4.3205,3.9753,3.9753,5,3,25500000,1,1,0,0,0,0,0,0,0,0,0,0,0,0,0,1,0,0,1,1,0,0,2.6667,1,1,289,1288
866,1,5.8603,7.6986,5.8603,7.6712,28,4,28932322,3,1,0,0,0,0,0,0,0,0,1,0,0,0,0,0,1,0,0,0,1,0,2.6667,1,1,2139,671
867,1,0.9616,5.7151,6.0438,6.8849,18,6,35200000,3,1,0,0,0,0,0,0,0,0,0,0,0,0,0,1,1,0,1,1,1,0,2.3333,1,1,351,1735
868,0,5.2027,8.1178,8.0055,8.0055,2,2,10000000,1,0,0,1,0,0,0,0,0,0,0,0,0,0,0,1,1,0,0,0,1,0,2.5,1,1,1899,1064
869,1,0.7178,3.7068,0.537,3.6274,11,3,22100000,4,1,0,0,0,0,0,0,0,0,0,0,0,0,0,1,1,0,1,1,0,0,2.6667,1,1,262,1091
870,1,3.0521,9.4767,1.0,1.0,4,5,33000000,1,0,0,1,0,0,0,0,1,0,0,0,0,0,0,0,1,0,0,1,1,1,2.0,1,1,1114,2345
871,1,6.2986,6.2986,6.0027,6.0027,9,1,15000000,1,1,0,0,0,0,0,0,0,0,0,0,0,1,0,0,0,0,0,0,0,0,3.0,1,1,2299,0
872,1,6.937,9.1589,6.0055,6.0055,6,3,13000000,1,1,0,0,0,0,0,0,1,0,0,0,0,0,0,0,0,0,0,0,0,1,3.0,1,1,2532,811
873,1,1.9671,3.1945,2.2493,2.2493,5,2,12800000,1,1,0,0,0,0,0,0,1,0,0,0,0,0,0,0,0,0,1,1,0,0,2.5,1,1,718,448
874,0,0.1671,3.7808,3.8356,6.1178,6,2,626096,3,0,1,0,0,0,0,0,1,0,0,0,0,0,0,0,1,0,1,0,0,0,1.0,1,1,61,1319
875,1,-0.1671,3.6493,4.1507,4.6849,12,4,20350000,3,0,0,1,0,0,0,0,0,0,0,0,0,0,0,1,0,1,1,1,0,0,3.75,1,1,-61,1393
876,0,5.7836,5.7836,2.0027,2.0027,1,1,10000000,1,1,0,0,0,0,0,0,0,0,0,0,0,0,0,1,1,0,0,0,0,0,3.0,1,1,2111,0
877,1,0.5671,0.5671,0.5671,2.3534,5,1,425000,3,1,0,0,0,0,0,1,0,0,0,0,0,0,0,0,0,1,0,0,0,0,2.0,1,1,207,0
878,1,5.3644,7.9781,5.2521,5.2521,5,3,37891054,1,1,0,0,0,0,0,0,0,0,0,0,0,0,0,1,1,0,0,1,1,0,3.0,1,1,1958,954
879,1,1.0877,7.7616,6.8849,6.8849,9,5,40000000,1,1,0,0,0,0,0,0,1,0,0,0,0,0,0,0,1,0,1,1,1,0,4.0,1,1,397,2436
880,1,0.7014,2.126,2.4027,4.0548,10,3,5550000,4,1,0,0,0,0,0,0,0,0,0,1,0,0,0,0,0,0,1,1,0,0,3.0,1,1,256,520
881,1,0.5808,0.5808,0.0,2.1315,3,1,770000,3,1,0,0,0,0,0,0,1,0,0,0,0,0,0,0,0,1,0,0,0,0,6.0,1,1,212,0
882,0,0.1068,4.7342,,,0,4,19550000,0,0,0,0,1,0,0,0,0,0,0,0,0,0,1,0,1,0,1,0,0,0,1.0,1,0,39,1689
883,1,1.4795,2.2521,2.2521,2.2521,6,2,4000000,1,1,0,0,0,0,0,1,0,0,0,0,0,0,0,0,1,0,0,0,0,0,1.0,0,1,540,282
884,1,1.0849,5.8192,6.3507,9.4411,14,4,42000000,4,0,0,0,0,1,0,1,0,0,0,0,0,0,0,0,0,0,1,1,1,0,2.3333,1,1,396,1728
885,0,3.6548,3.6548,,,0,1,1900000,0,0,0,0,0,1,0,0,0,0,0,0,0,0,0,1,0,0,1,0,0,0,1.0,1,0,1334,0
886,1,1.1781,2.7151,2.5178,3.6685,21,3,45039999,3,1,0,0,0,0,0,0,0,0,0,1,0,0,0,0,0,0,1,1,1,0,3.6667,1,1,430,561
887,0,4.5315,4.5315,5.5288,5.5288,1,1,1310000,1,1,0,0,0,0,0,0,0,0,0,0,0,0,0,1,1,0,0,0,0,0,4.0,1,1,1654,0
888,1,7.0027,7.0027,7.6712,7.6712,3,1,3000000,1,0,0,0,0,1,0,0,0,0,0,0,0,0,0,1,0,0,1,0,0,0,3.0,0,1,2556,0
889,1,0.0,3.4548,2.0247,3.9753,9,4,36000000,3,1,0,0,0,0,1,0,0,0,0,0,0,0,0,0,0,0,1,1,1,1,3.0,1,1,0,1261
890,1,0.1644,0.1644,1.4822,1.4822,3,1,3000000,1,1,0,0,0,0,1,0,0,0,0,0,0,0,0,0,1,0,0,0,0,0,1.0,0,1,60,0
891,0,0.6685,0.6685,0.7973,5.2849,1,1,1300000,3,1,0,0,0,0,0,1,0,0,0,0,0,0,0,0,0,1,0,0,0,0,8.0,1,1,244,0
892,0,9.7534,9.7534,9.7534,9.7534,1,1,50000,1,0,0,0,0,1,1,0,0,0,0,0,0,0,0,0,1,0,0,0,0,0,1.0,0,1,3560,0
893,1,6.2849,6.2849,5.7507,7.3068,15,1,6500000,3,0,1,0,0,0,0,1,0,0,0,0,0,0,0,0,0,0,1,0,0,0,8.0,1,1,2294,0
894,1,0.6822,1.3096,0.3288,2.5945,5,2,4600000,2,0,0,1,0,0,0,0,0,0,1,0,0,0,0,0,0,1,1,0,0,0,9.0,1,1,249,229
895,1,2.1233,6.0192,2.0,6.5123,5,3,21900000,2,0,0,1,0,0,1,0,0,0,0,0,0,0,0,0,1,0,1,1,0,0,1.6667,1,1,775,1422
896,1,0.4904,0.4904,1.1808,1.1808,6,1,240000,1,0,1,0,0,0,0,0,0,0,0,1,0,0,0,0,0,1,0,0,0,0,2.0,1,1,179,0
897,1,0.0,5.3014,5.0027,5.0027,17,4,34700000,1,1,0,0,0,0,1,0,0,0,0,0,0,0,0,0,1,0,1,1,0,0,2.25,1,1,0,1935
898,1,1.2274,5.8712,3.6466,6.6959,4,4,33000000,2,0,0,0,0,1,1,0,0,0,0,0,0,0,0,0,1,0,1,1,1,0,5.3333,1,1,448,1695
899,0,1.3014,2.4685,0.0,2.4685,3,2,1800000,2,0,1,0,0,0,0,0,0,0,0,0,0,0,0,1,1,1,0,0,0,0,5.0,1,1,475,426
900,1,0.0,3.6548,3.1507,5.3123,14,3,27300000,4,0,0,0,0,1,0,0,0,0,1,0,0,0,0,0,0,0,1,1,1,0,3.0,1,1,0,1334
901,0,3.1342,5.2521,3.1342,3.5425,6,2,6760000,2,1,0,0,0,0,0,1,0,0,0,0,0,0,0,0,1,0,0,0,0,0,1.5,1,1,1144,773
902,1,0.0,6.4986,0.337,10.0082,24,3,26914000,3,1,0,0,0,0,1,0,0,0,0,0,0,0,0,0,0,0,1,1,1,0,6.0,1,1,0,2372
903,1,3.7562,3.7562,,,1,1,27500000,0,1,0,0,0,0,0,0,0,0,0,0,0,0,0,1,0,0,0,0,1,0,7.0,1,0,1371,0
904,0,4.2795,4.2795,,,4,1,9000000,0,0,0,0,1,0,0,0,0,0,0,0,0,0,0,1,0,0,0,0,0,1,2.0,1,0,1562,0
905,0,4.0356,4.0356,-7.0055,-7.0055,3,1,954000,1,1,0,0,0,0,0,0,0,0,0,0,0,0,0,1,1,0,0,0,0,0,1.0,0,1,1473,0
906,1,5.3041,8.6247,,,4,3,53000000,0,1,0,0,0,0,0,0,0,0,0,0,0,0,0,1,0,0,0,0,1,1,4.6667,1,0,1936,1212
907,1,2.3315,6.6767,6.9589,8.9342,17,4,23100000,3,1,0,0,0,0,0,0,0,0,0,0,0,0,0,1,1,0,1,1,1,0,2.0,1,1,851,1586
908,1,1.0,6.4548,6.5342,7.0055,28,4,108900000,2,1,0,0,0,0,0,0,0,0,0,0,0,0,0,1,0,0,1,1,1,0,7.5,1,1,365,1991
909,1,0.8329,3.937,3.4822,7.6658,26,4,55000000,5,1,0,0,0,0,0,1,0,0,0,0,0,0,0,0,0,0,1,1,1,1,2.75,1,1,304,1133
910,1,1.0822,2.8548,1.611,4.5096,9,2,5686383,3,0,1,0,0,0,0,0,1,0,0,0,0,0,0,0,0,0,1,0,0,0,2.0,0,1,395,647
911,0,4.4466,8.0849,6.5863,6.5863,4,6,49008830,1,1,0,0,0,0,0,0,0,0,0,0,0,1,0,0,1,0,1,0,1,0,3.0,1,1,1623,1328
912,1,1.6055,3.5479,,,10,3,32200000,0,1,0,0,0,0,0,0,1,0,0,0,0,0,0,0,0,0,1,1,1,0,4.0,1,0,586,709
913,0,1.2904,1.2904,7.1233,7.1233,3,1,2000000,1,0,0,0,1,0,0,1,0,0,0,0,0,0,0,0,0,0,1,0,0,0,1.0,0,1,471,0
914,1,3.2137,3.2137,3.0027,4.6219,5,1,2700000,2,0,1,0,0,0,0,0,0,0,0,1,0,0,0,0,0,0,1,0,0,0,2.0,1,1,1173,0
915,0,5.1315,5.1315,3.1616,8.5123,6,1,2000000,2,0,0,0,0,1,0,0,0,0,1,0,0,0,0,0,0,0,1,0,0,0,2.0,0,1,1873,0
916,1,0.0,3.9288,2.9151,5.7342,16,3,18000000,3,0,1,0,0,0,0,0,0,0,1,0,0,0,0,0,1,0,1,1,0,0,2.3333,1,1,0,1434
917,1,5.6301,8.7589,8.5041,8.7589,9,5,122500000,2,0,0,0,0,1,0,0,1,0,0,0,0,0,0,0,1,0,0,0,1,1,5.6,1,1,2055,1142
918,1,0.5178,0.5178,0.5808,4.526,9,1,1100000,2,1,0,0,0,0,0,0,0,0,1,0,0,0,0,0,0,0,1,0,0,0,6.0,1,1,189,0
919,0,7.2521,9.2274,6.0027,6.0027,1,3,52000000,1,0,0,1,0,0,0,0,0,0,0,0,0,0,0,1,1,0,0,1,0,0,2.6667,1,1,2647,721
920,0,8.4959,8.4959,9.0055,9.0055,5,1,44000000,1,1,0,0,0,0,0,0,0,0,0,0,0,1,0,0,0,0,0,0,0,1,8.0,1,1,3101,0
921,1,0.7589,2.8329,0.7589,3.8356,12,2,15500000,2,1,0,0,0,0,1,0,0,0,0,0,0,0,0,0,0,0,1,1,0,0,1.0,1,1,277,757
922,1,3.1205,3.1205,4.0027,4.0027,4,1,20000000,1,1,0,0,0,0,0,0,0,0,0,0,0,0,0,1,0,0,0,1,0,0,3.0,1,1,1139,0
